,Disease,Prescribed_for,DrugName_list
0,Attention deficit hyperactivity disorder,ADHD,"['Clonidine', 'Bupropion', 'Vyvanse', 'Dexmethylphenidate', 'Amphetamine / dextroamphetamine', 'Adderall', 'Aptensio XR', 'Atomoxetine', 'Lisdexamfetamine', 'Focalin XR', 'Concerta', 'Guanfacine', 'Ritalin', 'Amphetamine', 'Methylphenidate', 'Dextroamphetamine', 'Strattera', 'Adzenys XR-ODT', 'Adderall XR', 'Daytrana', 'Methylin', 'Focalin', 'Omega-3 polyunsaturated fatty acids', 'Dexedrine', 'Metadate ER', 'Metadate CD', 'Wellbutrin XL', 'Intuniv', 'Armodafinil', 'Evekeo', 'Kapvay', 'Pristiq', 'Dyanavel XR', 'Quillivant XR', 'Methamphetamine', 'Desoxyn', 'Desvenlafaxine', 'Ritalin LA', 'Dextrostat', 'Cylert', 'Modafinil', 'Provigil', 'Mydayis', 'Nuvigil', 'Methylin ER', 'Pemoline']"
1,HIV/AIDS,AIDS Related Wasting,['Serostim']
2,Abnormal uterine bleeding,Abnormal Uterine Bleeding,"['Ethinyl estradiol / levonorgestrel', 'Mirena', 'Levonorgestrel', 'Medroxyprogesterone', 'Depo-Provera', 'Tri-Sprintec', 'Levlen', 'Alesse', 'Junel Fe 1 / 20', 'Ortho Tri-Cyclen Lo', 'Aviane', 'Ethinyl estradiol / norethindrone', 'Sprintec', 'Necon 1 / 50', 'Ethinyl estradiol / norgestimate', 'Norethindrone', 'Loestrin 24 Fe', 'Megestrol', 'Estarylla', 'Chateal', 'Falmina', 'Seasonique', 'Desogestrel / ethinyl estradiol', 'Ortho Tri-Cyclen', 'Ethinyl estradiol / norgestrel', 'Nora-Be', 'Ortho Cyclen', 'Provera', 'Levora', 'Jolessa', 'Ortho Micronor', 'TriNessa', 'LoSeasonique', 'Seasonale', 'Mononessa', 'Ovcon 35', 'Conjugated estrogens', 'Previfem']"
3,,Abortion,['Misoprostol']
4,Paracetamol poisoning,Acetaminophen Overdose,['Mucomyst-10']
5,Acne,Acne,"['Clindamycin', 'Beyaz', 'Yasmin', 'Spironolactone', 'Ziana', 'Adapalene / benzoyl peroxide', 'Accutane', 'Tretinoin', 'Benzoyl peroxide / erythromycin', 'Minocycline', 'Junel Fe 1 / 20', 'Doxycycline', 'Isotretinoin', 'Epiduo', 'Benzoyl peroxide / clindamycin', 'Dapsone', 'Clindamycin / tretinoin', 'Differin', 'Sulfamethoxazole / trimethoprim', 'Ethinyl estradiol / norgestimate', 'Yaz', 'Duac', 'Adapalene', 'Bactrim', 'Azelaic acid', 'Ethinyl estradiol / norethindrone', 'Claravis', 'Aldactone', 'Altabax', 'Tazorac', 'Drospirenone / ethinyl estradiol', 'Aczone', 'Gianvi', 'Solodyn', 'Zenatane', 'Sulfacetamide sodium / sulfur', 'Retin-A', 'Desquam-X Wash', 'Tri-Sprintec', 'Minocin', 'Sotret', 'Inova 4 / 1', 'Veltin', 'TriNessa', 'Retapamulin', 'Doryx', 'Loestrin 24 Fe', 'Microgestin Fe 1 / 20', 'Monodox', 'Acanya', 'Benzoyl peroxide / sulfur', 'Gildess Fe 1.5 / 30', 'Atralin', 'Gildess Fe 1 / 20', 'Salicylic acid / sulfur', 'Benzaclin', 'Necon 1 / 35', 'Tazarotene', 'Ocella', 'Ortho Tri-Cyclen', 'BenzEFoam Ultra', 'Amnesteem', 'Necon 7 / 7 / 7', 'Loryna', 'femhrt', 'Absorica', 'Bactrim DS', 'Drospirenone / ethinyl estradiol / levomefolate calcium', 'NuOx', 'Benzoyl peroxide', 'Acnex', 'Onexton', 'Cephalexin', 'Tetracycline', 'Vanoxide-HC', 'Azelex', ""Phillips' Milk of Magnesia"", 'Vibramycin', 'Finacea', 'BenzEFoam', 'Clarifoam EF', 'Adoxa']"
6,Actinic keratosis,Actinic Keratosis,"['Fluorouracil', 'Carac', 'Efudex']"
7,Acute coronary syndrome,Acute Coronary Syndrome,"['Brilinta', 'Ticagrelor', 'Prasugrel']"
8,Acute lymphoblastic leukemia,Acute Lymphoblastic Leukemia,['Sprycel']
9,Acute myeloid leukemia,Acute Nonlymphocytic Leukemia,['Accutane']
10,Acute promyelocytic leukemia,Acute Promyelocytic Leukemia,['Tretinoin']
11,Addison's disease,Addison's Disease,"['Florinef Acetate', 'Dexamethasone']"
12,Adrenal insufficiency,Adrenocortical Insufficiency,"['Hydrocortisone', 'Cortef']"
13,Growth hormone deficiency,Adult Human Growth Hormone Deficiency,['Somatropin']
14,Psychosis,Agitated State,"['Aripiprazole', 'Abilify']"
15,Psychomotor agitation,Agitation,"['Olanzapine', 'Loxapine', 'Citalopram']"
16,Alcoholism,Alcohol Dependence,"['Campral', 'Acamprosate', 'Disulfiram', 'Antabuse', 'Naltrexone', 'Vivitrol']"
17,Alcohol withdrawal syndrome,Alcohol Withdrawal,"['Chlordiazepoxide', 'Baclofen', 'Tranxene', 'Gabapentin', 'Librium', 'Valium', 'Diazepam', 'Oxazepam', 'Serax']"
18,Allergy,Allergic Reactions,"['Benadryl', 'Cyproheptadine', 'Triamcinolone', 'Chlorpheniramine', 'Aristocort', 'Q-Dryl', 'Dexchlorpheniramine', 'Diphenhydramine', 'Prednisone', 'Promethazine', 'Benadryl Allergy', 'Phenergan', 'Chlor-Trimeton']"
19,Allergic rhinitis,Allergic Rhinitis,"['Nasonex', 'Acetaminophen / dexbrompheniramine / pseudoephedrine', 'Azelastine / fluticasone', 'Singulair', 'Desloratadine', 'Cetirizine', 'Loratadine / pseudoephedrine', 'Mometasone', 'Kenalog-40', 'Promethazine', 'Astelin', 'Patanase', 'Levocetirizine', 'Dymista', 'Azelastine', 'Zyrtec', 'Flonase', 'Nasacort Allergy 24HR', 'Fexofenadine / pseudoephedrine', 'Loratadine', 'Fexofenadine', 'Allegra', 'Flunisolide', 'Nasacort', 'Chlorpheniramine / phenylephrine', 'Actifed', 'Beclomethasone', 'Xyzal', 'Dexbrompheniramine / pseudoephedrine', 'Montelukast', 'Cetirizine / pseudoephedrine', 'Astepro', 'Triamcinolone', 'Chlorpheniramine / pseudoephedrine', 'QNASL', 'Acrivastine / pseudoephedrine', 'Rynatan', 'Chlorpheniramine', 'Ciclesonide', 'Olopatadine', 'Zyrtec-D', 'Deconamine', 'Brompheniramine', 'Diphenhydramine', 'Chlor-Trimeton', 'Alahist LQ', 'Fluticasone', 'Carbinoxamine', 'Pseudoephedrine / triprolidine', ""Children's Claritin Allergy"", 'Allegra-D 24 Hour', 'Claritin', 'Budesonide', 'Claritin-D', 'Cyproheptadine', 'Omnaris', 'Allegra-D 12 Hour', 'Drixoral Cold and Allergy', 'Methylprednisolone', 'Clarinex']"
20,Hives,Allergic Urticaria,['Hydroxyzine']
21,Allergy,Allergies,"['Xyzal', 'Levocetirizine', 'Hydroxyzine', 'Atarax']"
22,Hair loss,Alopecia,"['Minoxidil', 'Spironolactone', 'Rogaine', ""Rogaine Women's"", 'Triamcinolone', 'Kenalog-10', ""Rogaine Men's Extra Strength""]"
23,Alpha-1 antitrypsin deficiency,Alpha-1 Proteinase Inhibitor Deficiency,"['Alpha 1-proteinase inhibitor', 'Zemaira']"
24,Alzheimer's disease,Alzheimer's Disease,"['Aricept', 'Galantamine', 'Exelon', 'Rivastigmine', 'Donepezil', 'Memantine']"
25,Amoebiasis,Amebiasis,['Tinidazole']
26,Hypoestrogenism,Amenorrhea,"['Medroxyprogesterone', 'Provera', 'Depo-Provera', 'Norethindrone', 'Prometrium']"
27,Anal fistula,Anal Fissure and Fistula,"['Nitroglycerin', 'Rectiv']"
28,Candidiasis,Anal Itching,"['Clobetasol', 'Zinc oxide', 'Hydrocortisone', 'Sarna Sensitive']"
29,Pattern hair loss,Androgenetic Alopecia,"['Finasteride', 'Propecia']"
30,Anemia,Anemia,"['Epoetin alfa', 'Multivitamin with iron', 'Maxaron Forte', 'Procrit']"
31,Chronic kidney disease,Anemia Associated with Chronic Renal Failure,"['Darbepoetin alfa', 'Procrit', 'Aranesp', 'Epogen', 'Sodium ferric gluconate complex', 'Feosol Original', 'Ferrous sulfate']"
32,Aplastic anemia,"Anemia, Chemotherapy Induced",['Aranesp']
33,Sickle cell disease,"Anemia, Sickle Cell","['Hydrea', 'Hydroxyurea']"
34,,Anesthesia,"['Propofol', 'Lidocaine', 'Diprivan', 'Rocuronium', 'Ketamine', 'Oraqix', 'Butorphanol', 'Lidocaine / prilocaine']"
35,Angina,Angina,"['Ranolazine', 'Ranexa', 'Lopressor', 'Metoprolol', 'Nitrolingual Pumpspray', 'Imdur', 'Isosorbide mononitrate']"
36,Aortic stenosis,Angina Pectoris Prophylaxis,"['Isosorbide mononitrate', 'Imdur']"
37,Ankylosing spondylitis,Ankylosing Spondylitis,"['Etanercept', 'Indocin SR', 'Diclofenac', 'Indomethacin', 'Adalimumab', 'Infliximab', 'Cosentyx', 'Simponi', 'Humira', 'Enbrel', 'Secukinumab', 'Golimumab', 'Vimovo', 'Naprosyn', 'Naproxen', 'Certolizumab']"
38,Anorexia nervosa,Anorexia,"['Cyproheptadine', 'Dronabinol', 'Marinol']"
39,Anthrax,Anthrax,['Doxycycline']
40,Antiphospholipid syndrome,Antiphospholipid Syndrome,['Warfarin']
41,Anxiety disorder,Anxiety,"['Clonazepam', 'Gabapentin', 'Paxil', 'Klonopin', 'Niravam', 'Xanax', 'Escitalopram', 'Alprazolam', 'Ativan', 'Lexapro', 'Venlafaxine', 'Paroxetine', 'Trazodone', 'Diazepam', 'Hydroxyzine', 'Desvenlafaxine', 'Pristiq', 'Effexor XR', 'Buspirone', 'Atenolol', 'Kava', 'Lorazepam', 'Vistaril', 'Oxcarbazepine', 'Remeron', 'Cymbalta', 'Duloxetine', 'Vilazodone', 'Oxazepam', 'Catapres', 'Tramadol', 'Xanax XR', 'Mirtazapine', 'Risperidone', 'Clorazepate', 'BuSpar', 'Wellbutrin', 'Propranolol', 'Dilantin', 'Valium', 'Serax', 'Trifluoperazine', 'Bupropion', 'Librium', 'Lamotrigine', 'Diazepam Intensol', 'Chlordiazepoxide', 'Atarax', 'Paxil CR', 'Amitriptyline / perphenazine', 'Prochlorperazine', 'Klonopin Wafer', 'Tranxene SD', 'Phenytoin', 'Aspirin / meprobamate', 'Neurontin', 'Stelazine', 'Nadolol', 'Tranxene', 'Doxepin', 'Clonidine', 'Pexeva', 'Nefazodone', 'Meprobamate']"
42,Post-traumatic stress disorder,Anxiety and Stress,"['Celexa', 'Citalopram', 'Sertraline', 'Prozac', 'Fluoxetine', 'Effexor', 'Elavil', 'Venlafaxine', 'Zoloft', 'Fluvoxamine', 'Paroxetine', 'Paxil', 'Effexor XR', 'Amitriptyline', 'Luvox CR', 'Luvox', 'Prazosin']"
43,,Aphthous Ulce,"['Dexamethasone', 'Triamcinolone', 'Benzocaine']"
44,Aplastic anemia,Aplastic Anemia,"['Eltrombopag', 'Promacta']"
45,Arrhythmia,Arrhythmia,"['Mexiletine', 'Dofetilide', 'Tikosyn', 'Propranolol', 'Norpace', 'Verapamil', 'Disopyramide', 'Pacerone', 'Amiodarone', 'Norpace CR', 'Calan SR']"
46,Asperger syndrome,Asperger Syndrome,"['Zyprexa Zydis', 'Risperidone', 'Vyvanse', 'Lisdexamfetamine']"
47,Aspergillosis,"Aspergillosis, Aspergilloma",['Sporanox']
48,Asthma,Asthma,"['Montelukast', 'Breo Ellipta', 'Prednisone', 'Singulair', 'Fluticasone / vilanterol', 'Atrovent', 'Dulera', 'Xopenex', 'Triamcinolone', 'Aerobid', 'Mepolizumab', 'Flunisolide', 'Solu-Medrol', 'Decadron', 'Ciclesonide', 'Methylprednisolone', 'Alvesco', 'Deltasone']"
49,Asthma,"Asthma, Maintenance","['Advair HFA', 'Dulera', 'Singulair', 'Fluticasone / salmeterol', 'Xolair', 'Breo Ellipta', 'Montelukast', 'Beclomethasone', 'Advair Diskus', 'Asmanex Twisthaler', 'Zafirlukast', 'Omalizumab', 'Ventolin HFA', 'Symbicort', 'Pulmicort Respules', 'Pirbuterol', 'Proventil', 'Albuterol', 'Foradil Aerolizer', 'Flovent', 'Tiotropium', 'Budesonide', 'Fluticasone / vilanterol', 'Intal', 'Alvesco', 'Fluticasone', 'Xopenex', 'Ciclesonide', 'Arnuity Ellipta', 'Flovent HFA', 'Ventolin', 'Mometasone', 'Qvar', 'Accolate']"
50,Acute severe asthma,"Asthma, acute","['Ventolin HFA', 'Levalbuterol', 'Epinephrine', 'Proventil HFA', 'Albuterol', 'Racepinephrine', 'Medrol Dosepak', 'Primatene Mist', 'Xopenex HFA', 'Vospire ER', 'Asthmanefrin', 'Isoproterenol']"
51,Atopic dermatitis,Atopic Dermatitis,"['Tacrolimus', 'Fluocinolone', 'Cutivate', 'Crisaborole', 'Eucrisa', 'Pimecrolimus', 'Alclometasone', 'Dupilumab', 'Desonide', 'Flurandrenolide', 'Protopic', 'Betamethasone', 'Fluticasone', 'Azathioprine', 'Clobetasol', 'Cordran Tape', 'Desoximetasone', 'Dexamethasone', 'Dupixent', 'Elocon', 'Elidel', 'Clocortolone']"
52,Atrial fibrillation,Atrial Fibrillation,"['Propafenone', 'Xarelto', 'Rivaroxaban', 'Flecainide', 'Tambocor', 'Multaq', 'Metoprolol', 'Sotalol', 'Diltiazem', 'Digoxin', 'Cardizem', 'Carvedilol', 'Rythmol SR', 'Rythmol', 'Cartia XT']"
53,,Atrial Flutte,"['Flecainide', 'Diltiazem']"
54,Geographic tongue,Atrophic Urethritis,['Estradiol']
55,Atrophic vaginitis,Atrophic Vaginitis,"['Yuvafem', 'Estradiol', 'Vagifem', 'Estrace Vaginal Cream', 'Estring', 'Conjugated estrogens', 'Premarin Vaginal']"
56,,Auditory Processing Disorde,"['Dexmethylphenidate', 'Focalin XR']"
57,Autism spectrum,Autism,"['Risperidone', 'Risperdal', 'Geodon', 'Aripiprazole', 'Abilify', 'Memantine', 'Ziprasidone', 'Risperdal M-Tab']"
58,Autoimmune hepatitis,Autoimmune Hepatitis,"['Azathioprine', 'Mercaptopurine', 'Mycophenolate mofetil', 'Imuran', 'CellCept']"
59,Vitamin B12 deficiency,B12 Nutritional Deficiency,['Cyanocobalamin']
60,Low back pain,Back Pain,"['Motrin IB', 'Naprosyn', 'Norco', 'Acetaminophen / hydrocodone', 'Naproxen', 'Tramadol', 'Duloxetine', 'Excedrin Back & Body', 'Diclofenac', 'Cymbalta', 'Vicodin ES', 'Ultram ER', 'Ultram', 'Lortab', 'Aspirin', 'Voltaren', 'Indomethacin', 'Relafen', 'Nabumetone', 'Acetaminophen / pamabrom', 'Orudis', 'Ibuprofen', 'Cataflam', 'Anaprox', 'Ryzolt']"
61,Bloodstream infections,Bacteremia,"['Zyvox', 'Linezolid']"
62,Infective endocarditis,Bacterial Endocarditis Prevention,"['Moxatag', 'Amoxicillin', 'Clindamycin']"
63,Conjunctivitis,Bacterial Infection,"['Keflex', 'Metronidazole', 'Amoxicillin / clavulanate', 'Doxycycline', 'Flagyl', 'Cephalexin', 'Garlic', 'Cleocin', 'Clindamycin', 'Vancomycin', 'Sulfamethoxazole / trimethoprim', 'Rocephin', 'Levofloxacin', 'Azithromycin', 'Zyvox', 'Avelox', 'Penicillin VK', 'Augmentin', 'Cipro', 'Moxifloxacin', 'Levaquin', 'Ceftin', 'Linezolid', 'Ciprofloxacin', 'Bactrim DS', 'Ceftriaxone', 'Amoxicillin', 'Bactrim']"
64,Boil,Bacterial Skin Infection,"['Bacitracin / neomycin / polymyxin b', 'Sulfamethoxazole / trimethoprim', 'Bactrim', 'Bactrim DS', 'Neosporin']"
65,Bacterial vaginosis,Bacterial Vaginitis,"['Tinidazole', 'Metronidazole', 'Vandazole', 'Clindamycin', 'Clindamax', 'MetroGel-Vaginal', 'Tindamax', 'Flagyl ER', 'Nuvessa']"
66,Barrett's esophagus,Barrett's Esophagus,"['Omeprazole', 'Protonix', 'Dexlansoprazole', 'Prevacid', 'Esomeprazole', 'Dexilant', 'Rabeprazole', 'Nexium', 'Pantoprazole', 'Aciphex']"
67,Basal-cell carcinoma,Basal Cell Carcinoma,"['Fluorouracil', 'Carac', 'Imiquimod', 'Aldara', 'Efudex']"
68,Beh√ßet's disease,Behcet's Disease,['Remicade']
69,,Benign Essential Trem,"['Metoprolol', 'Propranolol', 'Zonegran', 'Primidone', 'Zonisamide', 'Gabapentin', 'Inderal']"
70,Benign prostatic hyperplasia,Benign Prostatic Hyperplasia,"['Tamsulosin', 'Rapaflo', 'Tadalafil', 'Silodosin', 'Avodart', 'Jalyn', 'Alfuzosin', 'Flomax', 'Cialis', 'Doxazosin', 'Prazosin', 'Finasteride', 'Terazosin', 'Dutasteride', 'Cardura XL', 'Hytrin', 'Dutasteride / tamsulosin', 'Cardura', 'Saw palmetto', 'Uroxatral']"
71,Benzodiazepine withdrawal syndrome,Benzodiazepine Withdrawal,"['Klonopin', 'Clonazepam']"
72,Primary biliary cholangitis,Biliary Cirrhosis,"['Ursodiol', 'Urso']"
73,,Binge Eating Disorde,"['Vyvanse', 'Lisdexamfetamine']"
74,,Bipolar Disorde,"['Klonopin', 'Lurasidone', 'Lamotrigine', 'Gabapentin', 'Aripiprazole', 'Depakote', 'Quetiapine', 'Symbyax', 'Asenapine', 'Divalproex sodium', 'Olanzapine', 'Saphris', 'Latuda', 'Seroquel', 'Clonazepam', 'Ziprasidone', 'Effexor', 'Topamax', 'Seroquel XR', 'Armodafinil', 'Oxcarbazepine', 'Lamictal', 'Paliperidone', 'Lithium', 'Risperidone', 'Bupropion', 'Vraylar', 'Lithobid', 'Risperdal', 'Valproic acid', 'Keppra', 'Carbamazepine', 'Abilify', 'Zyprexa', 'Depakote ER', 'Perphenazine', 'Tegretol', 'Duloxetine', 'Geodon', 'Venlafaxine', 'Escitalopram', 'Fluoxetine / olanzapine', 'Invega', 'Topiramate', 'Nuvigil', 'Cariprazine', 'Lexapro', 'Cymbalta', 'Zoloft', 'Wellbutrin', 'Trileptal', 'Levetiracetam', 'Oxtellar XR', 'Citalopram', 'Desvenlafaxine', 'Effexor XR', 'Sertraline', 'Zyprexa Zydis', 'Neurontin', 'Tegretol XR', 'Wellbutrin SR', 'Klonopin Wafer', 'Eskalith']"
75,,Birth Control,"['Cyclafem 1 / 35', 'Copper', 'Blisovi Fe 1 / 20', 'NuvaRing', 'Ethinyl estradiol / etonogestrel', 'Etonogestrel', 'Ortho Tri-Cyclen Lo', 'Skyla', 'Ethinyl estradiol / levonorgestrel', 'Aviane', 'Implanon', 'Levonorgestrel', 'Jolessa', 'Lo Loestrin Fe', 'Ethinyl estradiol / norgestimate', 'Kariva', 'Ethinyl estradiol / norethindrone', 'Depo-Provera', 'Safyral', 'Nexplanon', 'ParaGard', 'Apri', 'Ortho Evra', 'Alesse', 'Microgestin Fe 1.5 / 30', 'Tri-Sprintec', 'Mirena', 'Junel Fe 1 / 20', 'Ethinyl estradiol / norelgestromin', 'Sprintec', 'Xulane', 'Desogestrel / ethinyl estradiol', 'Zovia', 'Ortho Cyclen', 'Kyleena', 'TriNessa', 'Mibelas 24 Fe', 'Liletta', 'Ortho Micronor', 'Yasmin', 'Medroxyprogesterone', 'Aubra', 'Lutera', 'Drospirenone / ethinyl estradiol / levomefolate calcium', 'Sronyx', 'Minastrin 24 Fe', 'Ortho Tri-Cyclen', 'Drospirenone / ethinyl estradiol', 'Ethinyl estradiol / ethynodiol', 'Dienogest / estradiol', 'Yaz', 'Loestrin 24 Fe', 'Microgestin 1 / 20', 'Microgestin Fe 1 / 20', 'Ocella', 'Portia', 'Gildess Fe 1.5 / 30', 'Mononessa', 'Beyaz', 'Norethindrone', 'Cryselle', 'Camrese', 'Junel Fe 1.5 / 30', 'Tri-Previfem', 'Orsythia', 'Gildess Fe 1 / 20', 'Chateal', 'Camila', 'Jolivette', 'Lyza', 'Generess Fe', 'Viorele', 'Sharobel', 'Reclipsen', 'Ethinyl estradiol / folic acid / levonorgestrel', 'Zarah', 'Tri-Linyah', 'Mircette', 'Seasonique', 'Levora', 'Lybrel', 'Ethinyl estradiol / norgestrel', 'Ashlyna', 'LoSeasonique', 'Taytulla', 'Low-Ogestrel-21', 'Quasense', 'Tri-Lo-Sprintec', 'Seasonale', 'Nora-Be', 'Loryna', 'Natazia', 'Lessina', 'Necon 1 / 35', 'Blisovi 24 Fe', 'Provera', 'Errin', 'Gianvi', 'Trivora', 'Microgestin 1.5 / 30', 'Ovcon 35', 'Velivet', 'Enskyce', 'Estarylla', 'Jencycla', 'Amethia', 'Balziva', 'Deblitane', 'Zovia 1 / 50', 'Tarina Fe 1 / 20', 'Lo / Ovral', 'Ortho-Novum 7 / 7 / 7', 'Nortrel 1 / 35', 'Tri-Estarylla', 'Mono-Linyah', 'Pimtrea', 'Loestrin 21 1 / 20', 'Femcon Fe', 'Zovia 1 / 35', 'Depo-Provera Contraceptive', 'Azurette', 'Emoquette', 'Junel 1 / 20', 'Amethia Lo', 'Necon 7 / 7 / 7', 'Ortho-Cept', 'Mestranol / norethindrone', 'Levlen', 'Ortho-Novum 1 / 35', 'TriNessa Lo', 'Cyclafem 7 / 7 / 7', 'CamreseLo', 'Junel Fe 24', 'Caziant', 'depo-subQ provera 104', 'Cyclessa', 'Previfem', 'Rajani', 'Nonoxynol 9', 'Falmina', 'Desogen']"
76,Urinary tract infection,Bladder Infection,"['Nitrofurantoin', 'Macrobid', 'Cephalexin', 'Ciprofloxacin', 'Cefixime', 'Cipro', 'Hiprex', 'Trimethoprim', 'Monurol', 'Keflex', 'Suprax', 'Methenamine', 'Levaquin', 'Noroxin', 'Furadantin']"
77,,Bleeding Disorde,['Zoladex']
78,Blepharitis,Blepharitis,['Neo-Poly-Dex']
79,,Body Dysmorphic Disorde,['Escitalopram']
80,Osteomyelitis,Bone infection,"['Vancomycin', 'Clindamycin', 'Nafcillin']"
81,,Borderline Personality Disorde,"['Quetiapine', 'Carbamazepine', 'Fluoxetine', 'Zyprexa Zydis', 'Clonazepam', 'Lamotrigine', 'Olanzapine', 'Oxcarbazepine', 'Asenapine', 'Lithium', 'L-methylfolate', 'Escitalopram', 'Aripiprazole', 'Risperidone', 'Risperdal', 'Latuda']"
82,Irritable bowel syndrome,Bowel Preparation,"['Suprep Bowel Prep Kit', 'Polyethylene glycol 3350 with electrolytes', 'Magnesium sulfate / potassium sulfate / sodium sulfate', 'MoviPrep', 'Citric acid / magnesium oxide / sodium picosulfate', 'GaviLyte-N', 'Bisacodyl', 'GoLYTELY', 'Bisacodyl / polyethylene glycol 3350 / potassium chloride / sodium bicarbonate / sodium chloride', 'Dulcolax', 'Prepopik', 'Polyethylene glycol 3350', 'GaviLyte-G', 'HalfLytely and Bisacodyl', 'GaviLyte-C', 'PEG-3350 with Electolytes', 'Colyte']"
83,Pain,Breakthrough Pain,"['Subsys', 'Fentora', 'Fentanyl', 'Actiq']"
84,,Breast Cance,"['Arimidex', 'Anastrozole', 'Femara', 'Letrozole', 'Tamoxifen', 'Aromasin', 'Exemestane', 'Afinitor', 'Paclitaxel', 'Everolimus']"
85,Paget's disease of the breast,"Breast Cancer, Adjuvant","['Femara', 'Herceptin', 'Letrozole', 'Tamoxifen']"
86,Metastasis,"Breast Cancer, Metastatic","['Palbociclib', 'Letrozole', 'Fulvestrant', 'Femara', 'Eribulin', 'Ibrance', 'Tykerb', 'Lapatinib', 'Taxol', 'Capecitabine', 'Paclitaxel', 'Halaven', 'Xeloda', 'Bevacizumab']"
87,Cancer,"Breast Cancer, Palliative",['Goserelin']
88,Breast cancer,"Breast Cancer, Prevention",['Tamoxifen']
89,Bronchitis,Bronchitis,"['Azithromycin', 'Moxifloxacin', 'Amoxicillin', 'Amoxicillin / clavulanate', 'Clarithromycin', 'Doxycycline', 'Levaquin', 'Ciprofloxacin', 'Bactrim', 'Azithromycin Dose Pack', 'Avelox', 'Augmentin', 'Guaifenesin', 'Cefuroxime', 'Levofloxacin', 'Erythromycin', 'Biaxin', 'Mucinex', 'Sulfamethoxazole / trimethoprim', 'Spectracef', 'Cefdinir', 'Zithromax', 'Cipro', 'Omnicef']"
90,Exercise-induced bronchoconstriction,Bronchospasm Prophylaxis,"['Singulair', 'Montelukast', 'Formoterol']"
91,Bulimia nervosa,Bulimia,"['Topamax', 'Fluoxetine', 'Venlafaxine', 'Prozac']"
92,Bullous pemphigoid,Bullous Pemphigoid,"['Prednisolone', 'Prednisone']"
93,Burning mouth syndrome,Burning Mouth Syndrome,"['Elavil', 'Clonazepam']"
94,Burn,"Burns, External","['Benzocaine', 'Silvadene', 'Silver sulfadiazine']"
95,Bursitis,Bursitis,"['Prednisone', 'Naproxen']"
96,Human betaherpesvirus 5,CMV Prophylaxis,['Valacyclovir']
97,Chronic obstructive pulmonary disease,COPD,"['Roflumilast', 'Fluticasone / vilanterol', 'Symbicort', 'Umeclidinium / vilanterol', 'Aclidinium', 'Daliresp', 'Anoro Ellipta', 'Breo Ellipta', 'Stiolto Respimat', 'Tudorza Pressair', 'Montelukast', 'Olodaterol', 'Umeclidinium', 'Olodaterol / tiotropium', 'Levalbuterol']"
98,Acute exacerbation of chronic obstructive pulmonary disease,"COPD, Acute","['Primatene Mist', 'Levalbuterol', 'Metaproterenol']"
99,Chronic obstructive pulmonary disease,"COPD, Maintenance","['Advair Diskus', 'Brovana', 'Spiriva', 'Albuterol', 'Salmeterol', 'Spiriva Respimat', 'Symbicort', 'Tiotropium', 'Albuterol / ipratropium', 'Combivent', 'Fluticasone / salmeterol', 'ProAir HFA', 'Umeclidinium / vilanterol', 'Ventolin HFA', 'Tudorza Pressair', 'Umeclidinium', 'Stiolto Respimat', 'Advair HFA', 'Roflumilast']"
100,Cachexia,Cachexia,['Megace']
101,,Cance,['Doxorubicin']
102,Cataplexy,Cataplexy,"['Sodium oxybate', 'Xyrem']"
103,Spastic cerebral palsy,Cerebral Spasticity,['Trihexyphenidyl']
104,Spasmodic torticollis,Cervical Dystonia,"['Botox', 'Lorazepam', 'OnabotulinumtoxinA', 'Baclofen', 'Myobloc', 'Xeomin']"
105,Chlamydia,Chlamydia Infection,"['Azithromycin', 'Doxycycline', 'Zithromax']"
106,Myalgic encephalomyelitis/chronic fatigue syndrome,Chronic Fatigue Syndrome,"['Nuvigil', 'Modafinil', 'Armodafinil', 'Provigil', 'Lisdexamfetamine', 'Amantadine', 'Duloxetine']"
107,,Chronic Idiopathic Constipation,"['Trulance', 'Plecanatide']"
108,Chronic inflammatory demyelinating polyneuropathy,Chronic Inflammatory Demyelinating Polyradiculoneuropathy,['Gamunex']
109,Chronic lymphocytic leukemia,Chronic Lymphocytic Leukemia,"['Ibrutinib', 'Chlorambucil', 'Imbruvica', 'Rituximab']"
110,Chronic myelogenous leukemia,Chronic Myelogenous Leukemia,"['Gleevec', 'Dasatinib', 'Tasigna', 'Imatinib', 'Nilotinib', 'Sprycel', 'Hydroxyurea', 'Bosutinib']"
111,Myofascial pain syndrome,Chronic Myofascial Pain,"['Clonazepam', 'Amitriptyline']"
112,Chronic pain,Chronic Pain,"['Tramadol', 'Morphine', 'Methadose', 'Acetaminophen / oxycodone', 'Exalgo', 'OxyContin', 'Oxycodone', 'Ultram', 'Percocet', 'Roxicodone', 'Hydromorphone', 'Duloxetine', 'Buprenorphine', 'Prialt', 'Fentanyl', 'Embeda', 'Dilaudid', 'Methadone', 'Cymbalta', 'Fentanyl Transdermal System', 'Tylox', 'Butrans', 'MS Contin', 'Duragesic', 'Endocet', 'Subutex', 'Avinza', 'Subsys', 'Ultram ER', 'Ultram ODT', 'Morphine / naltrexone', 'Kadian', 'Xtampza ER', 'Methadone Diskets', 'Belbuca', 'Dolophine', 'Roxicet']"
113,Chronic pancreatitis,Chronic Pancreatitis,"['Pancrelipase', 'Zenpep', 'Creon']"
114,Hereditary spastic paraplegia,Chronic Spasticity,['Baclofen']
115,Anaerobic infection,Clostridial Infection,"['Metronidazole', 'Flagyl', 'Dificid']"
116,Cluster headache,Cluster Headaches,"['Indomethacin', 'Tizanidine', 'Verapamil', 'Sumatriptan', 'Sansert', 'Lithium', 'Prednisone', 'Cyproheptadine', 'Imitrex', 'Cafergot', 'Zanaflex', 'Deltasone', 'Dihydroergotamine', 'Migranal', 'Caffeine / ergotamine']"
117,Coccidioidomycosis,Coccidioidomycosis,['Itraconazole']
118,Cold sore,Cold Sores,"['Valacyclovir', 'Penciclovir', 'Denavir', 'Famciclovir', 'Benzocaine', 'Famvir', 'Acyclovir', 'Valtrex', 'Sitavig', 'Zovirax Cream', 'Orajel']"
119,Common cold,Cold Symptoms,"['Bronkaid', 'Tussionex Pennkinetic', 'Acetaminophen / dextromethorphan / guaifenesin / pseudoephedrine', 'Acetaminophen / dextromethorphan / pseudoephedrine', 'Echinacea', 'Dexbrompheniramine / pseudoephedrine', 'Acetaminophen / chlorpheniramine / phenylephrine', 'Brompheniramine', 'Acetaminophen / dextromethorphan / guaifenesin / phenylephrine', 'Pseudoephedrine / triprolidine', 'R-Tanna', 'Chlorpheniramine / phenylephrine', 'Codimal DM', 'Acetaminophen / chlorpheniramine', 'Tylenol Allergy Multi-Symptom Nighttime', 'Rynatan', 'Alka-Seltzer Plus Cold', 'Primatene', 'Chlorpheniramine / hydrocodone', 'Dextromethorphan / phenylephrine / pyrilamine']"
120,,Colorectal Cance,['Regorafenib']
121,,Computed Tomography,['Barium sulfate']
122,Genital wart,Condylomata Acuminata,"['Podofilox', 'Condylox']"
123,Conjunctivitis,Conjunctivitis,"['Sulfacetamide sodium', 'Zymar', 'Dexamethasone']"
124,Allergic conjunctivitis,"Conjunctivitis, Allergic","['Sterapred', 'Ketotifen', 'Bepotastine', 'Lastacaft', 'Azelastine', 'Bepreve', 'Alcaftadine', 'Zaditor']"
125,Conjunctivitis,"Conjunctivitis, Bacterial","['TobraDex', 'Polymyxin b / trimethoprim', 'Tobramycin', 'Moxifloxacin', 'Vigamox', 'Loteprednol / tobramycin', 'Neo-Poly-Dex', 'Dexamethasone / neomycin / polymyxin b', 'Moxeza']"
126,Constipation,Constipation,"['Magnesium citrate', 'Bisacodyl', ""Phillips' Milk of Magnesia"", 'Dulcolax', 'Milk of Magnesia', 'Linaclotide', 'Linzess', 'Fleet Enema', 'Polyethylene glycol 3350', 'Senna', 'Correctol', 'MiraLax', 'Fleet Phospho Soda', 'Polycarbophil', 'Magnesium hydroxide', 'Metamucil', 'Psyllium', 'Senokot', 'Sodium biphosphate / sodium phosphate', 'Fleet Bisacodyl', 'Sorbitol', 'Magnesium oxide', 'Glycerin', 'Ex-Lax Regular Strength Pills', 'Doxidan Tablet', 'ClearLax', 'Amitiza', 'Citrate of Magnesia', 'Colace', 'Dulcolax Laxative', 'Feen-A-Mint', 'FiberCon']"
127,Constipation,"Constipation, Acute","['MiraLax', 'Lactulose', 'Senna Plus', 'Docusate / senna', 'Polyethylene glycol 3350', 'ClearLax', 'Senokot S']"
128,Constipation,"Constipation, Chronic","['Linzess', 'Linaclotide', 'Lubiprostone', 'Zelnorm', 'Amitiza', 'Tegaserod', 'Polyethylene glycol 3350 with electrolytes', 'Lactulose', 'Relistor', 'Generlac', 'GaviLyte-G']"
129,Constipation,"Constipation, Drug Induced","['Relistor', 'Methylnaltrexone', 'Naloxegol', 'Movantik', 'Amitiza', 'Lubiprostone']"
130,Astigmatism,Corneal Refractive Surgery,"['Ketorolac', 'Acular LS']"
131,Costochondritis,Costochondritis,['Naproxen']
132,Whooping cough,Cough,"['Benzonatate', 'Tessalon Perles', 'Codeine / guaifenesin', 'Dextromethorphan', 'Lortab', 'Hycodan', 'Chlorpheniramine / hydrocodone', 'Delsym', 'Tussionex Pennkinetic', 'Homatropine / hydrocodone', 'Dextromethorphan / guaifenesin', 'Hydromet', 'Mucinex DM', 'Tylenol with Codeine #3', 'Iophen-C NR', 'Amitriptyline', 'Cheratussin AC', 'Codeine / promethazine', 'Acetaminophen / codeine', 'Acetaminophen / hydrocodone', 'Tessalon', 'Codeine', 'Guaifenesin', 'TussiCaps', 'Gabapentin', 'Robitussin Cough + Chest Congestion DM', 'Guaifenesin / hydrocodone', 'Dextromethorphan / promethazine', 'Mucinex']"
133,Rhinovirus,Cough and Nasal Congestion,"['Guaifenesin / pseudoephedrine', 'Q-Tapp DM', 'Chlorpheniramine / hydrocodone / pseudoephedrine', 'Zutripro', 'Bromfed DM', 'Mucinex D Maximum Strength', 'Mucinex D', 'Brompheniramine / dextromethorphan / pseudoephedrine', 'Chlorpheniramine / dextromethorphan / pseudoephedrine', 'Chlorpheniramine / dextromethorphan', 'Sildec-PE DM', 'Chlorpheniramine / dextromethorphan / phenylephrine', 'Dextromethorphan / guaifenesin / pseudoephedrine', 'Coricidin HBP Cough & Cold', 'Chlorpheniramine / hydrocodone / phenylephrine', 'Hydrocodone / pseudoephedrine', 'Maxifed DM', 'Rezira']"
134,Crohn's disease,Crohn's Disease,"['Pentasa', 'Entyvio', 'Adalimumab', 'Entocort EC', 'Levsin SL', 'Azathioprine', 'Apriso', 'Ustekinumab', 'Cimzia', 'Questran Light', 'Balsalazide', 'Canasa', 'Stelara', 'Certolizumab', 'Humira', 'Mesalamine', 'Cholestyramine', 'Tacrolimus', 'Asacol', 'Sulfasalazine', 'Hyoscyamine', 'Vedolizumab', 'Infliximab']"
135,Crohn's disease,"Crohn's Disease, Acute","['Metronidazole', 'Cimzia', 'Mercaptopurine', 'Adalimumab', 'Imuran']"
136,Inflammatory bowel disease,"Crohn's Disease, Maintenance","['Mesalamine', 'Remicade', 'Adalimumab', 'Pentasa', 'Azathioprine', 'Humira', 'Cimzia', 'Entocort EC', 'Certolizumab', 'Asacol HD', 'Infliximab', 'Imuran', 'Mercaptopurine']"
137,Candidiasis,Cutaneous Candidiasis,"['Nyamyc', 'Xolegel', 'Nystatin / triamcinolone', 'Mycolog II', 'Clotrimazole', 'Nystop', 'Ketoconazole']"
138,Cutaneous T-cell lymphoma,Cutaneous T-cell Lymphoma,['Targretin']
139,Cyclic vomiting syndrome,Cyclic Vomiting Syndrome,"['Amitriptyline', 'Sumatriptan']"
140,Uveitis,Cyclitis,['Lotemax']
141,,Cyclothymic Disorde,['Lamotrigine']
142,Cystic fibrosis,Cystic Fibrosis,"['Creon', 'Kalydeco', 'Zithromax', 'Pulmozyme', 'Ivacaftor']"
143,Dandruff,Dandruff,"['Sebulex', 'Pyrithione zinc']"
144,Anaerobic infection,Deep Neck Infection,"['Clindamycin', 'Piperacillin / tazobactam']"
145,Deep vein thrombosis,Deep Vein Thrombosis,"['Xarelto', 'Enoxaparin', 'Rivaroxaban', 'Lovenox', 'Tinzaparin']"
146,Deep vein thrombosis,Deep Vein Thrombosis Prophylaxis after Hip Replacement Surgery,['Rivaroxaban']
147,Deep vein thrombosis,"Deep Vein Thrombosis, First Event",['Warfarin']
148,Deep vein thrombosis,"Deep Vein Thrombosis, Prophylaxis","['Lovenox', 'Enoxaparin', 'Rivaroxaban']"
149,Deep vein thrombosis,"Deep Vein Thrombosis, Recurrent Event","['Warfarin', 'Coumadin']"
150,Dental abscess,Dental Abscess,"['Amoxicillin', 'Metronidazole', 'Biaxin']"
151,Depression (mood),Depression,"['Mirtazapine', 'Escitalopram', 'Venlafaxine', 'Bupropion', 'Effexor XR', 'Pristiq', 'Vilazodone', 'Lexapro', 'Desvenlafaxine', 'Viibryd', 'Serzone', 'Trintellix', 'Budeprion SR', 'Tramadol', 'Wellbutrin', 'Fetzima', 'Xanax', 'Citalopram', 'Duloxetine', 'Celexa', 'Sertraline', 'Zoloft', 'Cymbalta', 'Risperidone', 'Paroxetine', 'Niacin', 'Fluoxetine', 'Effexor', 'Paxil', 'Emsam', 'Pamelor', 'Seroquel', 'Wellbutrin XL', 'Aripiprazole', 'Selegiline', 'Prozac', 'Deplin', 'Vortioxetine', 'Wellbutrin SR', 'Nefazodone', 'Lithium', 'Armodafinil', 'L-methylfolate', ""St. john's wort"", 'Trazodone', 'Brexpiprazole', 'Seroquel XR', 'Abilify Discmelt', 'Elavil', 'Norpramin', 'Parnate', 'Modafinil', 'Alprazolam', 'Tranylcypromine', 'Phenelzine', 'Desipramine', 'Remeron', 'Quetiapine', 'Rexulti', 'Abilify', 'Levomilnacipran', 'Zyprexa', 'Fluvoxamine', 'Trimipramine', 'Amoxapine', 'Nardil', 'Lamotrigine', 'Budeprion XL', 'Provigil', 'Paxil CR', 'Amitriptyline', 'Methylphenidate', 'Olanzapine', 'Imipramine', 'Limbitrol DS', 'Aplenzin', 'Fluoxetine / olanzapine', 'Symbyax', 'Risperdal', 'Amitriptyline / chlordiazepoxide', 'Doxepin', 'Tryptophan', 'Tofranil', 'Oleptro', 'Forfivo XL', 'Nortriptyline', 'Atomoxetine', 'Prozac Weekly', 'Strattera', 'Ritalin', 'Nuvigil', 'Clomipramine', 'Risperdal M-Tab', 'Invega', 'Amitriptyline / perphenazine', 'Maprotiline']"
152,Dercum's disease,Dercum's Disease,['Fentanyl']
153,Dermatitis,Dermatitis,"['Pramosone', 'Synalar Ointment', 'Halobetasol', 'Desonide', 'Elocon', 'Clobetasol', 'Fluocinonide', 'Cloderm', 'Orapred', 'Amcinonide', 'Triamcinolone', 'Sodium hyaluronate', 'Lidex', 'Kenalog-40', 'Clocortolone', 'Kenalog', 'Aristocort A', 'Locoid Lipocream', 'RadiaPlexRx', 'Prednisolone', 'Fluocinolone']"
154,Janeway lesion,Dermatologic Lesion,"['Methylprednisolone', 'Granulex', 'Xenaderm', 'Balsam peru / castor oil / trypsin', 'Zinc oxide']"
155,Psoriasis,Dermatological Disorders,"['Benzoic acid / salicylic acid', 'Celestone', 'Silver', 'Hydroquinone', 'Salicylic acid', 'Bensal HP', 'Urea', 'X-Viate', 'Olux', 'Luxiq', 'Triamcinolone']"
156,Dermatomyositis,Dermatomyositis,['Mycophenolate mofetil']
157,Dermatophytosis,Dermatophytosis,['Griseofulvin']
158,Diabetes insipidus,Diabetes Insipidus,"['DDAVP Rhinal Tube', 'DDAVP', 'Desmopressin', 'Hydrochlorothiazide']"
159,Type 1 diabetes,"Diabetes, Type 1","['Afrezza', 'Humulin N', 'Lantus', 'Octreotide', 'Insulin inhalation', ' rapid acting', 'Tresiba', 'Sandostatin LAR Depot', 'Humulin R U-500 (Concentrated)', 'Insulin degludec', 'Novolog', 'NovoLog Mix 70 / 30', 'Insulin glargine', 'Insulin regular', 'Symlin', 'Victoza', 'Humalog']"
160,Type 2 diabetes,"Diabetes, Type 2","['Liraglutide', 'Glyburide', 'Canagliflozin', 'Dulaglutide', 'Exubera', 'Dapagliflozin', 'Glucophage', 'Empagliflozin / linagliptin', 'Pioglitazone', 'Victoza', 'Metformin', 'Exenatide', 'Invokana', 'Farxiga', 'Trulicity', 'Bydureon', 'Jardiance', 'Amaryl', 'Glimepiride / rosiglitazone', 'Tanzeum', 'Jentadueto', 'Glimepiride', 'Lantus', 'Synjardy', 'Insulin glulisine', 'Kombiglyze XR', 'NovoLog FlexPen', 'Januvia', 'Actos', 'Janumet', 'Insulin glargine', 'Insulin detemir', 'Sitagliptin', 'Glipizide', 'Byetta', 'Tradjenta', 'Insulin aspart / insulin degludec', 'Chromium picolinate', 'Tresiba', 'Empagliflozin', 'Insulin isophane', 'Humulin R U-500 (Concentrated)', 'Repaglinide', 'Toujeo', 'Insulin regular', 'Toujeo Solostar', 'Linagliptin', 'Insulin degludec', 'Insulin inhalation', ' rapid acting', 'Albiglutide', 'Acarbose', 'Metformin / sitagliptin', 'Prandin', 'ActoPlus Met', 'Apidra', 'Afrezza', 'Glucotrol', 'Onglyza', 'Levemir', 'Novolin 70 / 30', 'Miglitol', 'Novolog', 'Colesevelam', 'Glyxambi', 'Saxagliptin', 'Humalog KwikPen', 'Glucophage XR', 'Insulin aspart', 'Lantus Solostar', 'Pramlintide']"
161,Diabetic nephropathy,Diabetic Kidney Disease,"['Avapro', 'Ramipril', 'Losartan']"
162,Diabetic retinopathy,Diabetic Macular Edema,"['Aflibercept', 'Eylea']"
163,Diabetic neuropathy,Diabetic Peripheral Neuropathy,"['Gabapentin', 'Cymbalta', 'Nucynta ER', 'Tapentadol', 'Lyrica', 'Duloxetine', 'Pregabalin', 'Nortriptyline', 'Topiramate', 'Capsaicin']"
164,Rectal prolapse,Diagnosis and Investigation,"['Lexiscan', 'Regadenoson', 'Tilmanocept', 'Lymphoseek']"
165,,Diaper Rash,"['Miconazole / zinc oxide', 'Menthol / zinc oxide', 'Calmoseptine']"
166,Diarrhea,Diarrhea,"['Imodium A-D', 'Lomotil', 'Loperamide', 'Opium', 'Rifaximin', 'Atropine / diphenoxylate', 'Bismuth subsalicylate', 'Paregoric', 'Opium Deodorized', 'Anti-Diarrheal', 'Florastor', 'Octreotide', 'Pepto-Bismol', 'Lotronex', 'Saccharomyces boulardii lyo', 'Xifaxan', 'Imodium', 'Sandostatin', 'Lonox']"
167,Gastroenteritis,"Diarrhea, Acute","['Loperamide', 'Imodium A-D', 'Imodium']"
168,Diarrhea,"Diarrhea, Chronic","['Colesevelam', 'Welchol', 'Imodium A-D', 'Atropine / difenoxin', 'Loperamide', 'Imodium', 'Motofen']"
169,Anismus,Dietary Fiber Supplementation,['Metamucil']
170,Chromium deficiency,Dietary Supplementation,"['Biotin', 'Ubiquinone', 'Ortho D', 'Chondroitin / glucosamine', 'Multivitamin', 'Magnesium aspartate', 'Glucose', 'CoQ10']"
171,,Dissociative Identity Disorde,['Venlafaxine']
172,Diverticulitis,Diverticulitis,"['Metronidazole', 'Flagyl', 'Cipro', 'Sulfamethoxazole / trimethoprim', 'Ciprofloxacin']"
173,Dry eye syndrome,Dry Eye Disease,"['Xiidra', 'Lifitegrast', 'Ocular lubricant']"
174,Xeroderma,Dry Skin,"['Urea', 'Lac-Hydrin', 'Emollients', 'Ammonium lactate', 'EpiCeram', 'Lactic acid', 'AmLactin', 'Kerafoam', 'Carmol 20']"
175,Dumping syndrome,Dumping Syndrome,['Cholestyramine']
176,,Duodenal Ulce,"['Donnatal', 'Sucralfate', 'Atropine / hyoscyamine / phenobarbital / scopolamine', 'Pantoprazole']"
177,Dysautonomia,Dysautonomia,"['Midodrine', 'Pyridostigmine', 'Alprazolam', 'Mestinon']"
178,Dyspareunia,Dyspareunia,"['Ospemifene', 'Osphena']"
179,Dystonia,Dystonia,"['Botox', 'Baclofen']"
180,Hemorrhagic cystitis,Dysuria,"['Phenazopyridine', 'Uricalm', 'Azo-Standard', 'Pyridium', 'Urispas']"
181,Ear pain,Ear Wax Impaction,['Carbamide peroxide']
182,Dermatitis,Eczema,"['Mometasone', 'Elocon', 'Imuran', 'Halobetasol', 'Dupilumab', 'Hydrocortisone', 'Pimecrolimus', 'Desoximetasone', 'Desonide', 'Diflorasone', 'DesOwen', 'Cloderm', 'Elidel', 'Locoid Lipocream', 'Dupixent', 'Prednisone', 'Dexamethasone', 'Dermatop']"
183,Edema,Edema,"['Lasix', 'Furosemide', 'Hydrochlorothiazide / triamterene', 'Spironolactone', 'Dyrenium', 'Demadex', 'Aldactazide', 'Bumetanide', 'Acetazolamide', 'Pamabrom', 'Metolazone', 'Zaroxolyn', 'Edecrin', 'Triamterene', 'Chlorthalidone', 'Hydrochlorothiazide']"
184,Ehrlichiosis,Ehrlichiosis,['Doxycycline']
185,,Emergency Contraception,"['Levonorgestrel', 'Plan B One-Step', 'ella', 'Plan B', 'Next Choice', 'Aftera', 'My Way', 'Ulipristal', 'Take Action', 'Opcicon One-Step']"
186,Gestational diabetes,Endometrial Cance,"['Megestrol', 'Anastrozole']"
187,Endometrial cancer,Endometrial Hyperplasia,"['Megace', 'Megestrol']"
188,Endometriosis,Endometriosis,"['Cryselle', 'Depo-Provera', 'Ethinyl estradiol / norgestrel', 'Zoladex', 'Medroxyprogesterone', 'Lupron Depot', 'LoSeasonique', 'Goserelin', 'Jolessa', 'Seasonique', 'Ethinyl estradiol / levonorgestrel', 'Loestrin 24 Fe', 'Lutera', 'Ortho Cyclen', 'Leuprolide', 'Norethindrone', 'Ortho Tri-Cyclen Lo', 'Ethinyl estradiol / norethindrone', 'Synarel', 'Necon 1 / 35', 'Microgestin 1 / 20', 'Etonogestrel', 'Sprintec', 'Ortho Micronor', 'Ethinyl estradiol / norgestimate', 'Lupron', 'Provera', 'Ethinyl estradiol / ethynodiol', 'Levora', 'Ovcon 35', 'Microgestin Fe 1 / 20', 'Junel Fe 1 / 20', 'Ortho-Novum 7 / 7 / 7', 'Aviane']"
189,Enterocolitis,Enterocolitis,['Atropine / hyoscyamine / phenobarbital / scopolamine']
190,Eosinophilic esophagitis,Eosinophilic Esophagitis,['Entocort EC']
191,Epididymitis,"Epididymitis, Sexually Transmitted",['Ciprofloxacin']
192,Epilepsy,Epilepsy,"['Dilantin', 'Tegretol', 'Levetiracetam', 'Divalproex sodium', 'Carbamazepine', 'Phenytoin', 'Mephobarbital', 'Carbatrol', 'Depakote ER', 'Neurontin', 'Keppra', 'Lamictal', 'Lamotrigine', 'Pregabalin', 'Valproic acid', 'Fycompa', 'Keppra XR', 'Gabapentin', 'Depakote', 'Felbamate', 'Perampanel', 'Felbatol', 'Tegretol XR', 'Mebaral']"
193,Erectile dysfunction,Erectile Dysfunction,"['Vardenafil', 'Cialis', 'Tadalafil', 'Viagra', 'Levitra', 'Sildenafil', 'Stendra', 'Alprostadil', 'Avanafil', 'Edex', 'Muse', 'Staxyn', 'Yohimbine', 'Caverject']"
194,Esophagitis,Erosive Esophagitis,"['Kapidex', 'Rabeprazole', 'Dexilant', 'Dexlansoprazole', 'Nexium', 'Pantoprazole', 'Prevacid', 'Zegerid', 'Protonix', 'Zantac', 'Omeprazole', 'Aciphex', 'Esomeprazole']"
195,Esophageal varices,Esophageal Variceal Hemorrhage Prophylaxis,['Nadolol']
196,Plastic bronchitis,Expectoration,['Acetylcysteine']
197,Bloating,Extrapyramidal Reaction,"['Diphenhydramine', 'Trihexyphenidyl', 'Artane', 'Cogentin', 'Benztropine']"
198,Episcleritis,Eye Redness,"['Ocular lubricant', 'GenTeal', 'FreshKote', 'Fluorometholone', 'TheraTears', 'Systane Ultra', 'Tears Again']"
199,Conjunctivitis,Eye Redness/Itching,"['Naphazoline / pheniramine', 'Visine-A', 'Opcon-A']"
200,Monilethrix,Eyelash Hypotrichosis,"['Bimatoprost', 'Latisse']"
201,Gastroesophageal reflux disease,GERD,"['Nexium', 'Esomeprazole', 'Lansoprazole', 'Prevacid', 'Pantoprazole', 'Rabeprazole', 'Prilosec', 'Aciphex', 'Omeprazole', 'Kapidex', 'Dexlansoprazole', 'Ranitidine', 'Dexilant', 'Prilosec OTC', 'Zantac 150', 'Sucralfate', 'Protonix', 'Famotidine', 'Omeprazole / sodium bicarbonate', 'Nizatidine', 'Zegerid OTC', 'Axid AR', 'Metoclopramide', 'Aluminum hydroxide / magnesium hydroxide / simethicone', 'Zantac', 'Calcium carbonate', 'Axid', 'Zegerid']"
202,Gallbladder disease,Gallbladder Disease,['Ursodiol']
203,,Gas,"['E-Z-Gas II', 'Gas-X', 'Di-Gel', 'Bismuth subgallate', 'Simethicone']"
204,Colitis,Gastric Ulcer Maintenance Treatment,['Ranitidine']
205,Gastritis,Gastritis/Duodenitis,['Pantoprazole']
206,Gastroenteritis,Gastroenteritis,"['Ondansetron', 'Zofran']"
207,Paracetamol poisoning,Gastrointestinal Decontamination,"['MoviPrep', 'Polyethylene glycol 3350 with electrolytes']"
208,Gastrointestinal bleeding,Gastrointestinal Hemorrhage,"['Omeprazole / sodium bicarbonate', 'Zegerid']"
209,,Gastrointestinal Stromal Tum,"['Imatinib', 'Gleevec']"
210,Gastroparesis,Gastroparesis,"['Metoclopramide', 'Metozolv ODT', 'Reglan']"
211,Gender dysphoria,Gender Dysphoria,['Testosterone']
212,,Generalized Anxiety Disorde,"['Pregabalin', 'Escitalopram', 'Quetiapine', 'Lexapro', 'Paroxetine', 'Paxil', 'Effexor XR', 'Sertraline', 'Duloxetine', 'Citalopram', 'Cymbalta', 'Paxil CR', 'Venlafaxine', 'Lyrica', 'Seroquel', 'Celexa']"
213,Giant-cell tumor of bone,Giant Cell Tumor of Bone,['Xgeva']
214,Giardiasis,Giardiasis,"['Metronidazole', 'Tinidazole']"
215,Gingivitis,Gingivitis,['Chlorhexidine']
216,Glaucoma,Glaucoma,"['Brimonidine / timolol', 'Acetazolamide', 'Diamox']"
217,Glaucoma,"Glaucoma, Open Angle","['Zioptan', 'Simbrinza', 'Latanoprost', 'Trusopt', 'Cosopt PF', 'Travatan', 'Timolol', 'Dorzolamide / timolol', 'Lumigan', 'Xalatan']"
218,Breast cancer,Glioblastoma Multi,['Bevacizumab']
219,Glioblastoma,Glioblastoma Multiforme,['Avastin']
220,Urinary tract infection,"Gonococcal Infection, Uncomplicated","['Azithromycin', 'Ceftriaxone']"
221,Gout,Gout,"['Uloric', 'Allopurinol', 'Febuxostat', 'Krystexxa', 'Probenecid', 'Lesinurad', 'Pegloticase']"
222,Gout,"Gout, Acute","['Indomethacin', 'Methylprednisolone', 'Aleve', 'Colchicine', 'Naproxen', 'Colcrys', 'Indocin', 'Ibuprofen', 'Advil']"
223,Gout,Gouty Arthritis,"['Prednisone', 'Dexamethasone']"
224,HIV/AIDS,HIV Infection,"['Genvoya', 'Cobicistat / elvitegravir / emtricitabine / tenofovir alafenamide', 'Abacavir / dolutegravir / lamivudine', 'Efavirenz', 'Cobicistat / elvitegravir / emtricitabine / tenofovir', 'Intelence', 'Atripla', 'Triumeq', 'Complera', 'Stribild', 'Efavirenz / emtricitabine / tenofovir', 'Emtricitabine / tenofovir', 'Raltegravir', 'Abacavir / lamivudine', 'Tivicay', 'Truvada', 'Dolutegravir', 'Emtricitabine / rilpivirine / tenofovir', 'Isentress', 'Epzicom', 'Prezista', 'Odefsey', 'Darunavir', 'Prezcobix', 'Kaletra', 'Enfuvirtide', 'Cobicistat / darunavir']"
225,Hashimoto's thyroiditis,Hashimoto's disease,"['Nature-Throid', 'Thyroid desiccated', 'Levothyroxine', 'Tirosint', 'Armour Thyroid', 'Synthroid', 'Westhroid', 'NP Thyroid']"
226,Head injury,Head Injury,['Amantadine']
227,Head lice infestation,Head Lice,"['Sklice', 'Ivermectin', 'Ovide', 'Natroba', 'Stromectol', 'Malathion', 'Spinosad']"
228,Cluster headache,Headache,"['Acetaminophen / butalbital / caffeine', 'Acetaminophen / dichloralphenazone / isometheptene mucate', 'Fioricet', 'Aspirin / butalbital / caffeine', 'Fiorinal with Codeine', 'Esgic', 'Fioricet with Codeine', 'Acetaminophen / butalbital / caffeine / codeine', 'Esgic-Plus', 'Naproxen', 'Acetaminophen / butalbital', 'Acetaminophen / caffeine', 'Ibuprofen', 'Fiorinal', 'Prodrin', 'Acetaminophen / phenyltoloxamine', 'Acetaminophen / caffeine / isometheptene mucate', 'Advil', 'Aspirin / butalbital / caffeine / codeine', 'Excedrin Quick Tab', 'Excedrin Tension Headache', 'Motrin']"
229,Myocardial infarction,Heart Attack,"['Metoprolol', 'Plavix', 'Aspirin', 'Clopidogrel', 'Bayer Aspirin', 'Lisinopril', 'Metoprolol Tartrate', 'Altace', 'Nitroglycerin']"
230,Heart failure,Heart Failure,"['Carvedilol', 'Sacubitril / valsartan', 'Entresto', 'Corlanor', 'Digoxin', 'Bisoprolol', 'Furosemide', 'Toprol-XL', 'Metoprolol', 'Coreg CR', 'Quinapril', 'Aldactone', 'Coreg', 'Lisinopril']"
231,Helicobacter pylori,Helicobacter Pylori Infection,"['Pylera', 'Bismuth subcitrate potassium / metronidazole / tetracycline', 'Amoxicillin / clarithromycin / lansoprazole', 'Clarithromycin', 'Prevpac', 'Omeprazole', 'Metronidazole', 'Esomeprazole', 'Biaxin', 'Nexium', 'Tetracycline']"
232,Haemophilia,Hemophilia A,['Antihemophilic factor']
233,Haemophilia B,Hemophilia B,['Coagulation factor ix']
234,Hemorrhoid,Hemorrhoids,"['Lidocaine', 'Pramoxine', 'Proctofoam', 'Hydrocortisone', 'Analpram-HC', 'Hydrocortisone / pramoxine', 'Anucort-HC', 'Proctosol-HC', 'Phenylephrine / pramoxine']"
235,Hepatic encephalopathy,Hepatic Encephalopathy,"['Xifaxan', 'Lactulose', 'Rifaximin']"
236,Hepatitis B,Hepatitis B,"['Tenofovir', 'Viread']"
237,Hepatitis C,Hepatitis C,"['Sovaldi', 'Harvoni', 'Sofosbuvir', 'Ledipasvir / sofosbuvir', 'Daklinza', 'Incivek', 'Zepatier', 'Epclusa', 'Daclatasvir', 'Telaprevir', 'Peginterferon alfa-2a', 'Sofosbuvir / velpatasvir', 'Elbasvir / grazoprevir', 'Moderiba', 'Olysio', 'Ribasphere', 'Ribavirin', 'Pegasys']"
238,Hepatocellular carcinoma,Hepatocellular Carcinoma,['Sorafenib']
239,Altitude sickness,Herbal Supplementation,"['Milk thistle', 'Chaparral', 'Ginseng', 'Fenugreek', 'Guarana']"
240,Hereditary angioedema,Hereditary Angioedema,"['Cinryze', 'Firazyr', 'Kalbitor', 'Icatibant', 'Berinert']"
241,Herpes,Herpes Simplex,"['Docosanol', 'Zovirax', 'Lysine', 'Abreva', 'Acyclovir', 'Blistex']"
242,Herpes simplex keratitis,Herpes Simplex Dendritic Keratitis,['Zirgan']
243,Candidiasis,"Herpes Simplex, Mucocutaneous/Immunocompetent Host","['Valtrex', 'Famciclovir', 'Famvir', 'Valacyclovir']"
244,Herpes,"Herpes Simplex, Mucocutaneous/Immunocompromised Host",['Valacyclovir']
245,Herpes esophagitis,"Herpes Simplex, Suppression","['Lysine', 'Valacyclovir', 'Valtrex', 'Zovirax', 'Acyclovir']"
246,,Herpes Zoste,"['Acyclovir', 'Valacyclovir', 'Valtrex', 'Famvir']"
247,Herpes esophagitis,"Herpes Zoster, Prophylaxis",['Zoster vaccine live']
248,Hiccup,Hiccups,"['Gabapentin', 'Baclofen', 'Chlorpromazine', 'Thorazine']"
249,Hidradenitis suppurativa,Hidradenitis Suppurativa,['Adalimumab']
250,Hypertension,High Blood Pressure,"['Lisinopril', 'Carvedilol', 'Cozaar', 'Azor', 'Lotrel', 'Metoprolol', 'Amlodipine', 'Ramipril', 'Atenolol', 'Benicar', 'Amlodipine / olmesartan', 'Losartan', 'Adalat CC', 'Tenex', 'Nebivolol', 'Bystolic', 'Clonidine', 'Edarbyclor', 'Exforge', 'Zestril', 'Diovan HCT', 'Olmesartan', 'Coreg', 'Hydrochlorothiazide', 'Minoxidil', 'Nadolol', 'Diltiazem', 'Bisoprolol / hydrochlorothiazide', 'Telmisartan', 'Hydrochlorothiazide / triamterene', 'Exforge HCT', 'Diovan', 'Valsartan', 'Micardis HCT', 'Benazepril / hydrochlorothiazide', 'Amlodipine / benazepril', 'Univasc', 'Benicar HCT', 'Hydrochlorothiazide / lisinopril', 'Norvasc', 'Amlodipine / atorvastatin', 'Hydrochlorothiazide / valsartan', 'Azilsartan medoxomil / chlorthalidone', 'Atenolol / chlorthalidone', 'Tarka', 'Nifedipine', 'Hydrochlorothiazide / olmesartan', 'Amlodipine / hydrochlorothiazide / olmesartan', 'Hytrin', 'Microzide', 'Micardis', 'Eplerenone', 'Minipress', 'Avapro', 'Tenormin', 'Cartia XT', 'Propranolol', 'Quinapril', 'Guanfacine', 'Candesartan', 'Azilsartan medoxomil', 'Altace', 'Tekturna HCT', 'Irbesartan', 'Ziac', 'Prazosin', 'Spironolactone', 'Amlodipine / telmisartan', 'Perindopril', 'Verapamil', 'Hydrochlorothiazide / telmisartan', 'Tekturna', 'Fosinopril', 'Hydrochlorothiazide / losartan', 'Toprol-XL', 'Aliskiren', 'Cardizem', 'Terazosin', 'Dyazide', 'Cardura', 'Zestoretic', 'Avalide', 'Tribenzor', 'Bisoprolol', 'Enalapril', 'Furosemide', 'Aliskiren / hydrochlorothiazide', 'Hydrochlorothiazide / irbesartan', 'Edarbi', 'Atacand']"
251,Hypercholesterolemia,High Cholesterol,"['Pravastatin', 'Rosuvastatin', 'Simcor', 'Crestor', 'Lipitor', 'Atorvastatin', 'Praluent', 'Niacin', 'Simvastatin', 'Lovastatin', 'Ezetimibe / simvastatin', 'Niaspan', 'Red yeast rice', 'Livalo', 'Evolocumab', 'Pitavastatin', 'Welchol', 'Trilipix', 'Gemfibrozil', 'Fenofibric acid', 'Vytorin', 'Ezetimibe', 'Zetia', 'Lovastatin / niacin', 'Advicor', 'Repatha', 'Zocor', 'Alirocumab', 'Niacin / simvastatin', 'Slo-Niacin', 'Mevacor']"
252,Familial hypercholesterolemia,"High Cholesterol, Familial Heterozygous","['Evolocumab', 'Crestor', 'Repatha', 'Praluent', 'Rosuvastatin', 'Zetia', 'Alirocumab', 'Vytorin']"
253,Familial hypercholesterolemia,"High Cholesterol, Familial Homozygous","['Evolocumab', 'Repatha']"
254,Hypertrichosis,Hirsutism,"['Eflornithine', 'Vaniqa', 'Spironolactone']"
255,Histoplasmosis,Histoplasmosis,['Itraconazole']
256,Hot flash,Hot Flashes,"['Esterified estrogens / methyltestosterone', 'Venlafaxine', 'Gabapentin', 'Paroxetine', 'Cymbalta', 'Neurontin', 'Brisdelle', 'Fluoxetine', 'Remeron', 'Duavee', 'Megestrol', 'Duloxetine', 'Bazedoxifene / conjugated estrogens', 'Evening Primrose Oil', 'Estratest H.S.', 'Desvenlafaxine']"
257,Human papillomavirus infection,Human Papilloma Virus,"['Imiquimod', 'Aldara']"
258,Human papillomavirus infection,Human Papillomavirus Prophylaxis,"['Human papillomavirus vaccine', 'Gardasil']"
259,Hypercalcaemia,Hypercalcemia of Malignancy,['Denosumab']
260,Hyperekplexia,Hyperekplexia,"['Klonopin', 'Depakote']"
261,Gustatory hyperhidrosis,Hyperhidrosis,"['Oxybutynin', 'Aluminum chloride hexahydrate', 'Drysol', 'Xerac AC', 'Hypercare', 'Clonidine', 'Botox']"
262,Hyperkalemia,Hyperkalemia,['Kionex']
263,Familial dysbetalipoproteinemia,Hyperlipoproteinemia,"['Prevalite', 'Simvastatin']"
264,Hypercholesterolemia,"Hyperlipoproteinemia Type IIa, Elevated LDL","['Fenofibrate', 'Colesevelam', 'Welchol', 'TriCor']"
265,Chronic kidney disease,Hyperphosphatemia of Renal Failure,"['Fosrenol', 'Sevelamer']"
266,Hyperprolactinaemia,Hyperprolactinemia,"['Cabergoline', 'Bromocriptine', 'Parlodel']"
267,Idiopathic hypersomnia,Hypersomnia,"['Caffeine', 'Nuvigil', 'NoDoz', 'Armodafinil', 'Dextroamphetamine', 'Modafinil', 'Provigil', 'Vivarin']"
268,Hypertensive emergency,Hypertensive Emergency,['Clonidine']
269,Hypertriglyceridemia,Hypertriglyceridemia,"['Vascepa', 'Icosapent', 'TriCor', 'Fenofibrate', 'Omega-3 polyunsaturated fatty acids', 'Trilipix', 'Lovaza']"
270,,Hypoactive Sexual Desire Disorde,['Addyi']
271,Hypocalcemia,Hypocalcemia,"['Calcitriol', 'Rocaltrol']"
272,,Hypodermoclysis,['Hylenex']
273,Hypoestrogenism,Hypoestrogenism,"['Estradiol', 'Premarin', 'Conjugated estrogens', 'Estrace Vaginal Cream', 'Climara']"
274,Hypogonadism,"Hypogonadism, Male","['AndroGel', 'Testosterone', 'Testim', 'Delatestryl', 'Aveed', 'Depo-Testosterone', 'Axiron', 'Fortesta', 'Androderm', 'Chorionic gonadotropin (hcg)', 'Testopel', 'Natesto']"
275,Hypokalemic periodic paralysis,Hypokalemic Periodic Paralysis,['Acetazolamide']
276,Magnesium deficiency,Hypomagnesemia,"['Magnesium oxide', 'Magnesium amino acids chelate']"
277,Hypoparathyroidism,Hypoparathyroidism,"['Parathyroid hormone', 'Forteo']"
278,Hypotension,Hypotension,"['Levophed', 'Midodrine', 'Norepinephrine']"
279,Hypothyroidism,"Hypothyroidism, After Thyroid Removal","['Synthroid', 'Cytomel', 'Tirosint', 'Levothyroxine', 'Liothyronine', 'Armour Thyroid', 'Levoxyl', 'Westhroid', 'Nature-Throid', 'Thyroid desiccated']"
280,Delirium,ICU Agitation,"['Haloperidol', 'Versed']"
281,Immune thrombocytopenic purpura,Idiopathic Thrombocytopenic Purpura,"['Dexamethasone', 'Promacta', 'Romiplostim', 'Nplate', 'Rho (d) immune globulin', 'Cyclosporine', 'Eltrombopag']"
282,Kaposi's sarcoma,Immunosuppression,['Methylprednisolone']
283,,Impetig,"['Altabax', 'Retapamulin']"
284,Indigestion,Indigestion,"['Bismuth subsalicylate', 'Omeprazole', 'Cimetidine', ""Phillips' Milk of Magnesia"", 'Magnesium hydroxide', 'Magaldrate / simethicone', 'Tums Regular Strength', 'Ranitidine', 'Calcium carbonate', 'Pepto-Bismol', 'Prilosec']"
285,Gonorrhea,Infection Prophylaxis,"['Sulfamethoxazole / trimethoprim', 'Bactrim DS']"
286,Inflammatory bowel disease,Inflammatory Bowel Disease,"['Prednisone', 'Budesonide', 'Entocort EC', 'Apriso', 'Pentasa']"
287,Inflammation,Inflammatory Conditions,"['Methylprednisolone', 'Meloxicam', 'Prednisone', 'Mobic', 'Solu-Medrol', 'Dexamethasone', 'Betamethasone', 'Doans Pills Extra Strength', 'Medrol Dosepak', 'Prednisolone']"
288,Influenza,Influenza,"['Oseltamivir', 'Tamiflu', 'Zanamivir', 'Relenza', 'Coricidin HBP Cold & Flu']"
289,Influenza,Influenza Prophylaxis,"['Influenza virus vaccine', ' inactivated', 'Oseltamivir']"
290,Insomnia,Insomnia,"['Desyrel', 'Ambien', 'Eszopiclone', 'Belsomra', 'Quetiapine', 'Temazepam', 'Lunesta', 'Rozerem', 'Trazodone', 'Zolpidem', 'Doxepin', 'Flurazepam', 'Mirtazapine', 'Halcion', 'Ramelteon', 'Ativan', 'Melatonin', 'Hetlioz', 'Zaleplon', 'Gabapentin', 'Ambien CR', 'Seroquel', 'Amitriptyline', 'Triazolam', 'Secobarbital', 'Silenor', 'Suvorexant', 'Restoril', 'Somnote', 'Remeron', 'Doxylamine', 'Lorazepam', 'Doral', 'Diphenhydramine', 'Edluar', 'Clonazepam', 'Sominex', 'Seconal Sodium', 'Chloral hydrate', 'Acetaminophen / diphenhydramine', 'Sleep Aid', 'Diphenhydramine / naproxen', 'Estazolam', 'Olanzapine', 'Unisom SleepTabs', 'Zyprexa', 'Excedrin PM', 'Dalmane', 'Simply Sleep', 'Nembutal Sodium', 'Seroquel XR', 'Prosom', 'Butabarbital', 'Elavil', 'Benadryl', 'Tylenol PM', 'Remeron SolTab', 'Klonopin', 'Diphenhydramine / ibuprofen', 'Sonata', 'Seconal', 'Tasimelteon']"
291,Fatal insomnia,"Insomnia, Stimulant-Associated",['Clonidine']
292,Metabolic syndrome,Insulin Resistance Syndrome,"['Metformin', 'Glucophage XR', 'Glucophage']"
293,Intermittent claudication,Intermittent Claudication,"['Trental', 'Pentoxifylline', 'Pletal']"
294,Interstitial cystitis,Interstitial Cystitis,"['Phenazopyridine', 'Pentosan polysulfate sodium', 'Elmiron', 'Pyridium', 'Amitriptyline', 'Uristat', 'Elavil', 'Sanctura']"
295,Intra-abdominal infection,Intraabdominal Infection,['Metronidazole']
296,Glaucoma,Intraocular Hypertension,"['Travoprost', 'Brimonidine', 'Travatan Z', 'Travatan', 'Xalatan', 'Zioptan']"
297,Uveitis,Iritis,"['Loteprednol / tobramycin', 'Prednisolone', 'Lotemax']"
298,Iron-deficiency anemia,Iron Deficiency Anemia,"['Ferrous sulfate', 'Iron sucrose', 'Poly Iron', 'Feraheme', 'Slow Fe', 'Ferrous fumarate / iron polysaccharide', 'Iron polysaccharide', 'Venofer', 'Ferrous gluconate']"
299,Irritable bowel syndrome,Irritable Bowel Syndrome,"['EnteraGam', 'Cholestyramine', 'Eluxadoline', 'Dicyclomine', 'Levsin SL', 'Hyoscyamine', 'Librax', 'Viberzi', 'Linzess', 'Atropine / hyoscyamine / phenobarbital / scopolamine', 'Chlordiazepoxide / clidinium', 'Linaclotide', 'Donnatal', 'Amitiza', 'Tegaserod', 'Venlafaxine', 'Amitriptyline', 'Rifaximin', 'Xifaxan', 'Metamucil', 'Hyosyne', 'Lubiprostone', 'Nortriptyline', 'Bentyl', 'Alosetron', 'Methscopolamine', 'Zelnorm', 'Lotronex', 'Levsin', 'Lexapro', 'Lactobacillus acidophilus', 'Escitalopram', 'Pamine Forte', 'Symax Duotab', 'Konsyl', 'Desipramine', 'Doxepin']"
300,Stroke,Ischemic Stroke,['Nimodipine']
301,Cerebral edema,"Ischemic Stroke, Prophylaxis","['Aspirin / dipyridamole', 'Plavix']"
302,Jet lag,Jet Lag,['Melatonin']
303,Juvenile idiopathic arthritis,Juvenile Idiopathic Arthritis,"['Tocilizumab', 'Etanercept', 'Actemra', 'Enbrel', 'Humira']"
304,Juvenile idiopathic arthritis,Juvenile Rheumatoid Arthritis,"['Celebrex', 'Sulfasalazine', 'Etanercept', 'Enbrel', 'Meloxicam']"
305,Herpes simplex keratitis,Keratitis,['Lotemax']
306,Dry eye syndrome,Keratoconjunctivitis Sicca,"['Cyclosporine', 'Restasis']"
307,Keratosis pilaris,Keratosis,"['Zyclara', 'Fluoroplex', 'Fluorouracil', 'Imiquimod', 'Aldara', 'Carac', 'Efudex', 'Collagenase Santyl']"
308,Pyelonephritis,Kidney Infections,"['Ciprofloxacin', 'Levaquin', 'Cephalexin', 'Cipro', 'Sulfamethoxazole / trimethoprim', 'Levofloxacin', 'Rocephin', 'Keflex']"
309,Pregnancy,Labor Induction,"['Pitocin', 'Cervidil', 'Dinoprostone']"
310,Childbirth,Labor Pain,['Stadol']
311,Childbirth,Lactation Augmentation,['Reglan']
312,Lactose intolerance,Lactose Intolerance,['Lactaid Ultra']
313,Heart failure,Left Ventricular Dysfunction,"['Carvedilol', 'Coreg', 'Diovan', 'Vasotec']"
314,Lennox‚ÄìGastaut syndrome,Lennox-Gastaut Syndrome,['Banzel']
315,Lichen planus,Lichen Planus,"['Triamcinolone', 'Clobetasol', 'Prednisone']"
316,Lichen sclerosus,Lichen Sclerosus,"['Temovate', 'Clobetasol']"
317,Anesthesia awareness,Light Anesthesia,"['Valium', 'Ativan', 'Lorazepam', 'Versed', 'Diazepam']"
318,,Light Sedation,"['Thorazine', 'Diazepam', 'Seconal', 'Meperidine', 'Valium', 'Promethazine', 'Midazolam', 'Demerol', 'Versed']"
319,Congenital generalized lipodystrophy,Lipodystrophy,"['Egrifta', 'Tesamorelin']"
320,,Liver Magnetic Resonance Imaging,['Gadoxetate disodium']
321,Hernia,Local Anesthesia,"['Lidocaine', 'Solarcaine Burn Relief', 'Bupivacaine']"
322,Lyme disease,Lyme Disease,"['Doxycycline', 'Doxy 100', 'Cefuroxime']"
323,Lyme disease,"Lyme Disease, Erythema Chronicum Migrans",['Azithromycin']
324,Lyme disease,"Lyme Disease, Neurologic","['Ceftriaxone', 'Penicillin g benzathine', 'Bicillin L-A', 'Doxycycline']"
325,Microscopic colitis,Lymphocytic Colitis,"['Mesalamine', 'Asacol']"
326,Lymphoma,Lymphoma,['Prednisone']
327,Macular degeneration,Macular Degeneration,"['Ranibizumab', 'Lucentis', 'Aflibercept', 'Eylea', 'Pegaptanib']"
328,Diabetic retinopathy,Macular Edema,"['Ranibizumab', 'Lucentis']"
329,,Major Depressive Disorde,"['Wellbutrin', 'Sertraline', 'Fluoxetine', 'Zoloft', 'Remeron', 'Venlafaxine', 'Wellbutrin XL', 'Desvenlafaxine', 'Vortioxetine', 'Seroquel XR', 'Vilazodone', 'Effexor XR', 'Trazodone', 'Prozac', 'Trintellix', 'Bupropion', 'Cymbalta', 'Duloxetine', 'Quetiapine', 'Olanzapine', 'Aripiprazole', 'Effexor', 'Mirtazapine', 'Levomilnacipran', 'Fetzima', 'Escitalopram', 'Abilify', 'Viibryd', 'Lexapro', 'Rexulti', 'Brexpiprazole', 'Wellbutrin SR', 'Oleptro', 'Paroxetine', 'Pristiq', 'Emsam', 'Paxil', 'Selegiline', 'Nefazodone', 'Symbyax', 'Budeprion SR', 'Sinequan', 'Zyprexa']"
330,Malaria,Malaria,"['Doxycycline', 'Halofantrine', 'Coartem', 'Atovaquone', 'Halfan']"
331,Malaria,Malaria Prevention,"['Atovaquone / proguanil', 'Malarone', 'Mefloquine', 'Doxycycline']"
332,Mania,Mania,"['Divalproex sodium', 'Risperidone', 'Chlorpromazine', 'Depakote', 'Lithium', 'Valproic acid', 'Risperdal']"
333,Mantle cell lymphoma,Mantle Cell Lymphoma,"['Ibrutinib', 'Imbruvica']"
334,Melanoma,Melanoma,['Nivolumab']
335,Melanoma,"Melanoma, Metastatic",['Keytruda']
336,Melasma,Melasma,"['Tri-Luma', 'Fluocinolone / hydroquinone / tretinoin']"
337,M√©ni√®re's disease,Meniere's Disease,"['Diazepam', 'Valium']"
338,Menopause,Menopausal Disorders,"['Esterified estrogens / methyltestosterone', 'Estratest H.S.']"
339,Heavy menstrual bleeding,Menorrhagia,"['Tranexamic acid', 'Natazia', 'Lysteda', 'Dienogest / estradiol']"
340,Heavy menstrual bleeding,Menstrual Disorders,"['Yaz', 'Lysteda', 'Tranexamic acid', 'Drospirenone / ethinyl estradiol', 'femhrt', 'Ethinyl estradiol / norethindrone', 'Gianvi', 'Loestrin 24 Fe', 'Microgestin Fe 1 / 20', 'Loestrin 21 1 / 20', 'Gildess Fe 1 / 20', 'Yasmin', 'Ocella', 'Microgestin Fe 1.5 / 30', 'Loryna']"
341,Methicillin-resistant Staphylococcus aureus,Methicillin-Resistant Staphylococcus Aureus Infection,"['Linezolid', 'Zyvox', 'Vancomycin']"
342,Migraine,Migraine,"['Rizatriptan', 'Eletriptan', 'Relpax', 'Amerge', 'Sumatriptan', 'Cambia', 'Reglan', 'Gabapentin', 'Metoclopramide', 'Diclofenac', 'Acetaminophen / aspirin / caffeine', 'Naproxen / sumatriptan', 'Methylergonovine', 'Fiorinal', 'Maxalt-MLT', 'Zomig-ZMT', 'Frova', 'Almotriptan', 'Imitrex', 'Dihydroergotamine', 'Cyproheptadine', 'Aspirin / butalbital / caffeine', 'Zomig', 'Treximet', 'Cafergot', 'Frovatriptan', 'Maxalt', 'Migranal', 'Cyclobenzaprine', ""Goody's Extra-Strength Headache Powders"", 'Zolmitriptan', 'Naratriptan', 'Imitrex Nasal', 'Botox', 'Imitrex Statdose', 'Flexeril', 'D.H.E. 45', 'Sumavel DosePro', 'Methergine', 'Orphenadrine', 'Neurontin', 'Excedrin', 'Axert', 'Amrix', 'Caffeine / ergotamine', 'Migergot', 'Acetaminophen / aspirin / caffeine / salicylamide', 'OnabotulinumtoxinA', 'Zecuity']"
343,Migraine,Migraine Prevention,"['Amitriptyline', 'Inderal', 'Riboflavin', 'Topiramate', 'Topamax', 'Pamelor', 'Depakote ER', 'Propranolol', 'Zonisamide', 'Nortriptyline', 'Baclofen', 'Botox', 'Divalproex sodium', 'Lamotrigine', 'OnabotulinumtoxinA', 'Lisinopril', 'Metoprolol', 'Amlodipine', 'Nadolol', 'Clonazepam', 'Bupropion', 'Verapamil', 'Depakote', 'Atenolol', 'Elavil', 'Catapres', 'Norvasc', 'Candesartan', 'Lyrica', 'Inderal LA', 'Pregabalin', 'Vitamin B2', 'Olmesartan', 'Tenormin', 'Zonegran']"
344,Mild cognitive impairment,Mild Cognitive Impairment,['Donepezil']
345,Mitral valve prolapse,Mitral Valve Prolapse,"['Toprol-XL', 'Atenolol', 'Inderal LA', 'Propranolol', 'Nebivolol', 'Bystolic', 'Metoprolol']"
346,Mixed connective tissue disease,Mixed Connective Tissue Disease,['Prednisone']
347,Infectious mononucleosis,Mononucleosis,['Acyclovir']
348,Motion sickness,Motion Sickness,"['Marezine', 'Scopolamine', 'Dimenhydrinate', 'Bonine', 'Transderm-Scop', 'Meclizine', 'Dramamine', 'Phenergan', 'Cyclizine']"
349,Decompression sickness,Mountain Sickness / Altitude Sickness,"['Diamox', 'Acetazolamide']"
350,Mucositis,Mucositis,"['Chlorhexidine', 'NeutraSal', 'Periogard', 'Saliva substitutes']"
351,Multiple myeloma,Multiple Myeloma,['Lenalidomide']
352,Multiple sclerosis,Multiple Sclerosis,"['Dalfampridine', 'Avonex Pen', 'Copaxone', 'Glatiramer', 'Tecfidera', 'Teriflunomide', 'Natalizumab', 'Avonex', 'Interferon beta-1a', 'Tysabri', 'Fingolimod', 'Gilenya', 'Interferon beta-1b', 'Dimethyl fumarate', 'Cyclophosphamide', 'Ampyra', 'Betaseron', 'Lemtrada', 'Rebif', 'Aubagio', 'Rebif Rebidose', 'Provigil', 'Modafinil', 'Mycophenolate mofetil', 'Novantrone', 'Plegridy']"
353,Delayed onset muscle soreness,Muscle Pain,"['Aspirin / carisoprodol', 'Medrox', 'Ibuprofen', 'Methyl salicylate', 'Diclofenac', 'Aleve', 'Lidocaine / menthol', 'Naproxen', 'Acetaminophen', 'Acetaminophen / caffeine / magnesium salicylate', 'Voltaren', 'Naprelan', 'Salonpas Pain Patch', 'Capsaicin / menthol / methyl salicylate', 'Aspirin / caffeine / orphenadrine', 'KneeRelief', 'Advil', 'Norgesic']"
354,Tetanus,Muscle Spasm,"['Cyclobenzaprine', 'Orphenadrine', 'Tizanidine', 'Soma', 'Valium', 'Metaxalone', 'Diazepam', 'Carisoprodol', 'Baclofen', 'Chlorzoxazone', 'Methocarbamol', 'Flexeril', 'Skelaxin', 'Lorzone', 'Zanaflex', 'Robaxin', 'Soma Compound', 'Robaxin-750', 'Aspirin / carisoprodol', 'Norflex', 'Diazepam Intensol', 'Lioresal', 'Amrix', 'Parafon Forte DSC', 'Aspirin / caffeine / orphenadrine', 'Soma Compound with Codeine', 'Aspirin / carisoprodol / codeine']"
355,Myasthenia gravis,Myasthenia Gravis,"['Pyridostigmine', 'Imuran', 'Mestinon', 'Mycophenolate mofetil', 'Prostigmin Bromide', 'CellCept']"
356,Mycobacterium avium-intracellulare infection,"Mycobacterium avium-intracellulare, Treatment",['Zithromax']
357,Mycoplasma pneumonia,Mycoplasma Pneumonia,"['Azithromycin', 'Clarithromycin']"
358,Myelodysplastic syndrome,Myelodysplastic Syndrome,"['Azacitidine', 'Vidaza']"
359,Primary myelofibrosis,Myelofibrosis,['Jakafi']
360,Primary myelofibrosis,Myeloproliferative Disorders,['Gleevec']
361,Myotonia congenita,Myotonia Congenita,['Mexiletine']
362,,NSAID-Induced Gastric Ulce,"['Esomeprazole', 'Lansoprazole', 'Nexium']"
363,Narcolepsy,Narcolepsy,"['Nuvigil', 'Sodium oxybate', 'Methylphenidate', 'Ritalin', 'Adderall XR', 'Provigil', 'Dextrostat', 'Modafinil', 'Armodafinil', 'Xyrem', 'Amphetamine / dextroamphetamine', 'Ephedrine', 'Dexedrine', 'Adderall', 'Methylin', 'Lisdexamfetamine', 'Desvenlafaxine', 'Dextroamphetamine', 'Vyvanse']"
364,Methicillin-resistant Staphylococcus aureus,Nasal Carriage of Staphylococcus aureus,['Bactroban']
365,Rhinitis medicamentosa,Nasal Congestion,"['Pseudoephedrine', 'Xylometazoline', 'Claritin-D', 'Oxymetazoline', 'Eyebright', 'Sudafed PE Congestion', 'Afrin', 'Chlorcyclizine / phenylephrine', 'Dexbrompheniramine / pseudoephedrine', 'Phenylephrine', 'Nexafed Nasal Decongestant', 'Privine', 'Naphazoline', 'Vicks Sinex Nasal Spray (old formulation)', 'Drixoral Cold and Allergy', 'Dallergy', 'Drixoral Decongestant Non-Drowsy', 'Loratadine / pseudoephedrine', 'Norel SR', 'Neo-Synephrine Nasal', 'Afrin 4 Hour Extra Moisturizing', 'Nostrilla', ""Children's Dimetapp Decongestant Infant"", 'Vicks Sinex 12-Hour Decongestant Nasal Spray']"
366,Nasal polyp,Nasal Polyps,"['Fluticasone', 'Veramyst', 'Mometasone']"
367,Vomiting,Nausea/Vomiting,"['Promethazine', 'Zofran', 'Ondansetron', 'Phenergan', 'Metoclopramide', 'Phosphorated carbohydrate solution', 'Emetrol', 'Transderm-Scop', 'Prochlorperazine', 'Reglan', 'Compazine', 'Scopolamine', 'Zofran ODT', 'Vistaril', 'Dimenhydrinate', 'Diphenhydramine', 'Lorazepam', 'Haldol', 'Ativan', 'Dramamine', 'Trimethobenzamide', 'Benadryl', 'Ginger', 'Atarax', 'Cyclizine']"
368,Morning sickness,Nausea/Vomiting of Pregnancy,"['Diclegis', 'Doxylamine / pyridoxine']"
369,Vomiting,"Nausea/Vomiting, Chemotherapy Induced","['Aprepitant', 'Lorazepam', 'Ondansetron', 'Sancuso', 'Dronabinol', 'Emend', 'Marinol', 'Dexamethasone']"
370,Vomiting,"Nausea/Vomiting, Postoperative",['Ondansetron']
371,Neck-tongue syndrome,Neck Pain,['Naproxen']
372,Nephrotic syndrome,Nephrotic Syndrome,['Prednisone']
373,Trigeminal neuralgia,Neuralgia,"['Lyrica', 'Pregabalin', 'Nortriptyline', 'Methylprednisolone', 'Baclofen']"
374,Peripheral neuropathy,Neuropathic Pain,"['Pregabalin', 'Lyrica', 'Gabapentin', 'Lidocaine']"
375,Neutropenia,Neutropenia,['Neupogen']
376,Neutropenia,Neutropenia Associated with Chemotherapy,"['Pegfilgrastim', 'Neulasta']"
377,New daily persistent headache,New Daily Persistent Headache,"['Keppra', 'Sumatriptan']"
378,Night terror,Night Terrors,"['Clonazepam', 'Valium']"
379,Nightmare,Nightmares,['Prazosin']
380,Cramp,Nocturnal Leg Cramps,"['Carisoprodol', 'Quinine', 'Verapamil']"
381,Non-Hodgkin lymphoma,Non-Hodgkin's Lymphoma,"['Rituxan', 'Rituximab']"
382,Acute lymphoblastic leukemia,Non-Small Cell Lung Cance,"['Gefitinib', 'Tarceva', 'Nivolumab', 'Erlotinib', 'Paclitaxel', 'Xalkori', 'Crizotinib', 'Iressa', 'Pemetrexed', 'Opdivo', 'Ceritinib']"
383,Arthropathy,Noninfectious Colitis,['Dicyclomine']
384,HIV/AIDS,Nonoccupational Exposure,['Sustiva']
385,Obesity,Obesity,"['Phentermine', 'Phentermine / topiramate', 'Orlistat', 'Contrave', 'Qsymia', 'Bupropion / naltrexone', 'Lorcaserin', 'Liraglutide', 'Belviq', 'Saxenda', 'Adipex-P', 'Phendimetrazine', 'Topamax', 'Meridia', 'Tenuate Dospan', 'Tenuate', 'Alli', 'Xenical', 'Topiramate', 'Phendiet', 'Diethylpropion', 'Lomaira', 'Bontril Slow Release', 'Victoza', 'Wellbutrin SR', 'Pristiq', 'Desoxyn', 'Benzphetamine', 'Chorionic gonadotropin (hcg)', 'Adipost', 'Methamphetamine', 'Bupropion', 'Didrex', 'Wellbutrin XL', 'Zantryl', 'Fastin']"
386,,Obsessive Compulsive Disorde,"['Zoloft', 'Sertraline', 'Quetiapine', 'Fluvoxamine', 'Prozac', 'Abilify', 'Mirtazapine', 'Anafranil', 'Fluoxetine', 'Luvox', 'Clomipramine', 'Aripiprazole', 'Escitalopram', 'Lexapro', 'Venlafaxine', 'Citalopram', 'Effexor XR', 'Olanzapine', 'Paroxetine', 'Effexor', 'Paxil', 'Seroquel', 'Seroquel XR']"
387,Obstructive sleep apnea,Obstructive Sleep Apnea/Hypopnea Syndrome,"['Armodafinil', 'Modafinil', 'Nuvigil', 'Provigil']"
388,Occipital neuralgia,Occipital Neuralgia,"['Gabapentin', 'Pregabalin']"
389,Hypospermia,Oligospermia,"['Clomiphene', 'Clomid']"
390,Onychomycosis,"Onychomycosis, Fingernail","['Ciclopirox', 'Fluconazole', 'Terbinafine', 'Lamisil']"
391,Onychomycosis,"Onychomycosis, Toenail","['Terbinafine', 'Fluconazole', 'Efinaconazole', 'Lamisil', 'Jublia', 'Ciclopirox', 'Tavaborole', 'Itraconazole', 'Ketoconazole', 'Kerydin']"
392,Ovarian remnant syndrome,Oophorectomy,"['Estradiol Patch', 'Premarin']"
393,Astigmatism,Ophthalmic Surgery,"['Gatifloxacin', 'Vigamox']"
394,Opioid use disorder,Opiate Adjunct,"['Promethazine', 'Phenergan']"
395,Opioid use disorder,Opiate Dependence,"['Buprenorphine / naloxone', 'Suboxone', 'Vivitrol', 'Naltrexone', 'Buprenorphine', 'Zubsolv', 'Subutex', 'Bunavail', 'Revia']"
396,Opioid withdrawal,Opiate Withdrawal,"['Methadone', 'Catapres', 'Robaxin-750', 'Clonidine', 'Methocarbamol', 'Methadose', 'Methadone Diskets', 'Chlordiazepoxide']"
397,Opioid overdose,Opioid Overdose,"['Narcan Injection', 'Naloxone']"
398,,Opioid-Induced Constipation,"['Naloxegol', 'Movantik', 'Methylnaltrexone']"
399,,Oppositional Defiant Disorde,['Lisdexamfetamine']
400,Oral candidiasis,Oral Thrush,"['Fluconazole', 'Nystatin']"
401,,"Organ Transplant, Rejection Prophylaxis","['Tacrolimus', 'Prograf', 'CellCept', 'Mycophenolate mofetil']"
402,Type 1 diabetes,"Organ Transplant, Rejection Reversal",['Tacrolimus']
403,Osteoarthritis,Osteoarthritis,"['Acetaminophen / codeine', 'Sodium hyaluronate', 'Duloxetine', 'Etodolac', 'Celebrex', 'Limbrel', 'Lodine', 'Synvisc', 'Synvisc-One', 'Euflexxa', 'Meloxicam', 'Orthovisc', 'Hylan g-f 20', 'Diclofenac', 'Celecoxib', 'Voltaren', 'Hyaluronan', 'Voltaren Gel', 'Naproxen', 'Arthrotec', 'Mobic', 'Salonpas Pain Patch', 'Supartz', 'Aspirin', 'Famotidine / ibuprofen', 'Diclofenac / misoprostol', 'Kenalog-40', 'S-adenosylmethionine', 'Pennsaid', 'Tylenol with Codeine #4', 'Disalcid', 'Relafen', 'Chondroitin / glucosamine / methylsulfonylmethane', 'Ketoprofen', 'Prednisone', 'Piroxicam', 'Vimovo', 'Capsaicin', 'Bioflavonoids / zinc glycinate', 'Naprelan', 'Zostrix', 'Methylprednisolone', 'Oxaprozin', 'Triamcinolone', 'Nabumetone', 'Esomeprazole / naproxen', 'Cymbalta', 'Zorvolex', 'Duexis', 'Chondroitin / glucosamine', 'Motrin', 'Acetaminophen / aspirin / caffeine', 'Bextra', 'Indocin']"
404,Multiple myeloma,Osteolytic Bone Lesions of Multiple Myeloma,"['Zoledronic acid', 'Zometa']"
405,Bone metastasis,Osteolytic Bone Metastases of Solid Tumors,"['Zometa', 'Zoledronic acid']"
406,Osteoporosis,Osteoporosis,"['Teriparatide', 'Denosumab', 'Prolia', 'Premarin', 'Risedronate', 'Zoledronic acid', 'Boniva', 'Forteo', 'Actonel', 'Ibandronate', 'Calci-Chew', 'Miacalcin Nasal', 'Atelvia', 'Caltrate 600+D', 'Reclast']"
407,Otitis externa,Otitis Externa,"['Ciprofloxacin / dexamethasone', 'Vosol HC', 'Acetic acid / hydrocortisone']"
408,Otitis media,Otitis Media,"['Antipyrine / benzocaine', 'Cefdinir', 'Azithromycin', 'Amoxicillin / clavulanate', 'Augmentin', 'Levaquin', 'Ciprofloxacin / dexamethasone', 'Clarithromycin', 'Ciprodex', 'A / B Otic', 'Zithromax', 'Levofloxacin', 'Omnicef', 'Amoxicillin', 'Cephalexin']"
409,Ovarian cyst,Ovarian Cysts,"['Ethinyl estradiol / levonorgestrel', 'Seasonique', 'Ortho Tri-Cyclen Lo', 'Mononessa', 'Sprintec', 'Previfem', 'Ethinyl estradiol / norgestimate', 'Tri-Sprintec', 'Orsythia', 'Quasense']"
410,,Overactive Bladde,"['Mirabegron', 'Myrbetriq', 'OnabotulinumtoxinA', 'Tolterodine', 'Oxytrol', 'VESIcare', 'Botox', 'Toviaz', 'Detrol', 'Sanctura', 'Enablex', 'Solifenacin', 'Detrol LA', 'Fesoterodine', 'Flomax', 'Oxybutynin', 'Flavoxate', 'Trospium', 'Gelnique', 'B & O Supprettes', 'Belladonna / opium', 'Tamsulosin']"
411,,Ovulation Induction,"['Clomiphene', 'Chorionic gonadotropin (hcg)', 'Clomid']"
412,Paget's disease of bone,Paget's Disease,"['Risedronate', 'Zoledronic acid']"
413,Pain,Pain,"['Duloxetine', 'Ultram', 'Acetaminophen / hydrocodone', 'Oxycodone', 'Demerol', 'Nalbuphine', 'Gabapentin', 'Tramadol', 'Buprenex', 'Fentanyl', 'Percocet', 'OxyContin', 'Flector Patch', 'Avinza', 'Oxymorphone', 'Toradol', 'Ketorolac', 'Norco', 'Opana', 'Meperidine', 'Hysingla ER', 'Amitriptyline', 'Acetaminophen / oxycodone', 'Fentanyl Transdermal System', 'Zipsor', 'Vicodin', 'Methadone', 'Nucynta ER', 'Zohydro ER', 'Tapentadol', 'Nortriptyline', 'Dilaudid', 'Motrin IB', 'Hydromorphone', 'Tylenol with Codeine #3', 'Talwin Nx', 'Hydroxyzine', 'Butrans', 'Diclofenac', 'Imipramine', 'Panlor DC', 'Endocet', 'Roxicodone', 'Etodolac', 'Opana ER', 'Advil', 'Lortab', 'Fiorinal', 'Indomethacin', 'Nubain', 'Buprenorphine', 'Methadose', 'Ultram ER', 'Nucynta', 'Pregabalin', 'Elavil', 'Toradol IV / IM', 'Lyrica', 'Acetaminophen / codeine', 'Lidocaine', 'Acetaminophen / caffeine / dihydrocodeine', 'Naproxen', 'Neurontin', 'Celecoxib', 'Naprosyn', 'Hydrocodone / ibuprofen', 'Morphine', 'Stadol', 'Lidoderm', 'Balacet', 'Voltaren Gel', 'Indocin SR', 'Acetaminophen / tramadol', 'Cymbalta', 'Kadian', 'Tylox', 'Ibuprofen', 'Motrin Infant Drops', 'Xylocaine Jelly', 'Embeda', 'Propoxyphene', 'Morphine / naltrexone', 'Dolophine', 'Camphor / menthol', 'Myophen', 'Naloxone / pentazocine', 'Advil Liqui-Gels', 'Panlor SS', 'Ketoprofen', 'Celebrex', 'Hydrocodone', 'Butorphanol', 'Acetaminophen', 'Ultracet', 'Indocin', 'Feldene', 'MS Contin', 'Roxicet', 'Codeine', 'Acetaminophen / propoxyphene', 'Magnesium salicylate', 'Vicoprofen', 'Ryzolt', 'Darvon', 'Naprelan', 'Bextra', 'Tylenol PM', 'Cataflam', 'Exparel', 'Acetaminophen / phenyltoloxamine', 'Ketamine', 'Orudis KT', 'Belbuca', 'Anacin', 'Voltaren', 'Acetaminophen / aspirin / caffeine / salicylamide', 'Duragesic', 'Fentora', 'Levorphanol', 'Bupivacaine liposome', 'Choline salicylate / magnesium salicylate', 'Orudis', 'Acetaminophen / aspirin', 'Lidocaine Viscous', 'Tylenol', 'Aspirin / oxycodone', 'Sprix', 'Vicodin ES', 'Methadone Diskets', 'Trezix', 'Reprexain', 'Acetaminophen / diphenhydramine', 'Magnacet', 'Exalgo', 'Actiq', 'Ponstel', 'Capsaicin', 'Levacet', 'Vistaril', 'Diphenhydramine / naproxen', 'Tylenol 8 Hour', 'Pamelor', 'Levo-Dromoran', 'Pentazocine', 'Vicodin HP', 'ConZip', ""Children's Motrin"", 'Motrin', 'Dilaudid-HP', 'Sublimaze', 'Oxydose', 'Sulindac', 'Zorvolex', 'Trilisate', 'Pramoxine', 'Tylenol with Codeine #4', 'Aspirin / caffeine']"
414,,Pain/Feve,['Acetaminophen / aspirin / caffeine']
415,Type 1 diabetes,Pancreatic Cance,['Sunitinib']
416,Exocrine pancreatic insufficiency,Pancreatic Exocrine Dysfunction,"['Zenpep', 'Pancrelipase']"
417,,Panic Disorde,"['Clonazepam', 'BuSpar', 'Klonopin', 'Paroxetine', 'Sertraline', 'Pristiq', 'Buspirone', 'Xanax', 'Desvenlafaxine', 'Alprazolam', 'Zoloft', 'Effexor XR', 'Ativan', 'Venlafaxine', 'Lorazepam', 'Lorazepam Intensol', 'Celexa', 'Fluoxetine', 'Propranolol', 'Bupropion', 'Xanax XR', 'Klonopin Wafer', 'Paxil', 'Paxil CR', 'Pamelor', 'Citalopram', 'Nortriptyline', 'Prozac', 'Clomipramine', 'Alprazolam Intensol', 'Wellbutrin', 'Nefazodone']"
418,,Paranoid Disorde,"['Risperidone', 'Olanzapine', 'Zyprexa Zydis', 'Clozapine', 'Zyprexa', 'Ziprasidone']"
419,Parkinson's disease,Parkinson's Disease,"['Stalevo', 'Neupro', 'Rotigotine', 'Carbidopa / levodopa', 'Amantadine', 'Azilect', 'Bromocriptine', 'Exelon', 'Apomorphine', 'Entacapone', 'Zelapar', 'Rytary', 'Carbidopa / entacapone / levodopa', 'Pramipexole', 'Sinemet', 'Ropinirole', 'Requip XL', 'Apokyn', 'Eldepryl']"
420,Parkinsonism,Parkinsonism,['Kemadrin']
421,,Pe,['Propranolol']
422,Growth hormone deficiency,Pediatric Growth Hormone Deficiency,"['Somatropin', 'Tev-Tropin']"
423,Pelvic inflammatory disease,Pelvic Inflammatory Disease,"['Metronidazole', 'Doxycycline']"
424,Bullous pemphigoid,Pemphigoid,['Dapsone']
425,Pemphigus vulgaris,Pemphigus,['Rituximab']
426,,Peptic Ulce,"['Chlordiazepoxide / clidinium', 'Pantoprazole', 'Famotidine']"
427,Coronary artery disease,Percutaneous Coronary Intervention,"['Eptifibatide', 'Clopidogrel', 'Angiomax']"
428,Test anxiety,Performance Anxiety,['Inderal']
429,Menopause,Perimenopausal Symptoms,"['Clonidine', 'Progesterone']"
430,Dysmenorrhea,Period Pain,"['Naproxen', 'Ponstel', 'Naprelan', 'Ibuprofen', 'Diclofenac', 'Ansaid', 'Cataflam', 'Mefenamic acid', 'Aleve']"
431,,Periodic Limb Movement Disorde,"['Neurontin', 'Clonazepam', 'Klonopin', 'Ropinirole', 'Mirapex', 'Gabapentin']"
432,Periodontal disease,Periodontitis,"['Chlorhexidine', 'Peridex']"
433,Perioral dermatitis,Perioral Dermatitis,"['Pimecrolimus', 'Protopic']"
434,Peripheral neuropathy,Peripheral Neuropathy,"['Gabapentin', 'Pregabalin', 'Duloxetine', 'Lyrica', 'Gabarone', 'Neurontin', 'Levocarnitine', 'Cymbalta']"
435,Peritonitis,Peritonitis,"['Vancomycin', 'Clindamycin']"
436,,Persistent Depressive Disorde,"['Sertraline', 'Bupropion']"
437,Whooping cough,Pertussis,['Clarithromycin']
438,Tetanus,Pertussis Prophylaxis,['Clarithromycin']
439,Pharyngitis,Pharyngitis,['Prednisone']
440,Actinic elastosis,Photoaging of the Skin,"['Tretinoin', 'Retin-A']"
441,Keratosis pilaris,Pityriasis rubra pilaris,['Triamcinolone']
442,Psoriasis,Plaque Psoriasis,"['Ixekizumab', 'Cosentyx', 'Humira', 'Taltz', 'Otezla', 'Apremilast', 'Taclonex Scalp', 'Adalimumab', 'Etanercept', 'Siliq', 'Enbrel', 'Secukinumab', 'Brodalumab', 'Betamethasone / calcipotriene', 'Betamethasone', 'Taclonex']"
443,,Platelet Aggregation Inhibition,['Clopidogrel']
444,Meningococcal disease,Pneumococcal Disease Prophylaxis,"['Pneumococcal 13-valent vaccine', 'Prevnar 13']"
445,Pneumonia,Pneumonia,"['Clarithromycin', 'Moxifloxacin', 'Avelox', 'Biaxin XL', 'Levofloxacin', 'Cefuroxime', 'Azithromycin', 'Doxycycline', 'Rocephin', 'Biaxin', 'Ceftriaxone', 'Levaquin', 'Ciprofloxacin', 'Piperacillin / tazobactam', 'Amoxicillin / clavulanate', 'Cefprozil', 'Amoxil', 'Metronidazole', 'Vantin', 'Flagyl']"
446,Polycystic ovary syndrome,Polycystic Ovary Syndrome,"['Drospirenone / ethinyl estradiol', 'Necon 1 / 35', 'Metformin', 'Junel Fe 1 / 20', 'Desogestrel / ethinyl estradiol', 'Ethinyl estradiol / levonorgestrel', 'Loestrin 24 Fe', 'Apri', 'Kariva', 'Falmina', 'Drospirenone / ethinyl estradiol / levomefolate calcium', 'Ortho-Novum 1 / 35', 'Ethinyl estradiol / norethindrone', 'Microgestin Fe 1 / 20', 'Glucophage', 'Yaz']"
447,,Post Traumatic Stress Disorde,"['Prazosin', 'Minipress', 'Zoloft', 'Sertraline', 'Venlafaxine', 'Paroxetine', 'Saphris', 'Quetiapine', 'Aripiprazole', 'Amitriptyline', 'Asenapine', 'Elavil', 'Risperidone', 'Lamotrigine', 'Abilify', 'Dronabinol', 'Paxil', 'Mirtazapine', 'Fluvoxamine', 'Desvenlafaxine', 'Pristiq', 'Seroquel']"
448,Gallstone,Post-Cholecystectomy Diarrhea,['Cholestyramine']
449,Postherpetic neuralgia,Postherpetic Neuralgia,"['Gabapentin enacarbil', 'Pregabalin', 'Gabapentin', 'Horizant', 'Capsaicin', 'Lidocaine', 'Lyrica', 'Gralise', 'Neurontin']"
450,Menopause,Postmenopausal Symptoms,"['Drospirenone / estradiol', 'Estradiol', 'Estropipate', 'Estradiol Patch', 'Cenestin', 'Minivelle', 'Ethinyl estradiol / norethindrone', 'Angeliq', 'Premphase', 'femhrt', 'Conjugated estrogens / medroxyprogesterone', 'Climara', 'Vivelle-Dot', 'Activella', 'Estradiol / norethindrone', 'Evamist', 'Premarin', 'Conjugated estrogens', 'Desvenlafaxine', 'Elestrin', 'Bazedoxifene / conjugated estrogens', 'Evening Primrose Oil', 'Prempro', 'Femring', 'Esterified estrogens / methyltestosterone', 'Estrace', 'Enjuvia', 'Esterified estrogens', 'Pristiq', 'Divigel', 'Estradiol / levonorgestrel']"
451,Glaucoma,Postoperative Increased Intraocular Pressure,['Ilevro']
452,Glaucoma,Postoperative Ocular Inflammation,"['Ketorolac', 'Alrex', 'Diclofenac', 'Prolensa', 'Acuvail', 'Difluprednate']"
453,Pain,Postoperative Pain,"['Toradol', 'Ketorolac', 'Bupivacaine']"
454,Postpartum depression,Postpartum Depression,"['Venlafaxine', 'Zoloft', 'Paroxetine', 'Effexor XR', 'Sertraline', 'Citalopram', 'Paxil']"
455,Postural orthostatic tachycardia syndrome,Postural Orthostatic Tachycardia Syndrome,"['Fludrocortisone', 'Midodrine', 'Florinef']"
456,,Pre-Exposure Prophylaxis,['Emtricitabine / tenofovir']
457,,Precocious Puberty,"['Histrelin', 'Lupron Depot-PED']"
458,Delayed ejaculation,Premature Ejaculation,['Clomipramine']
459,,Premature Lab,"['Progesterone', 'Hydroxyprogesterone', 'Terbutaline', 'Makena']"
460,Premature ventricular contraction,Premature Ventricular Depolarizations,['Metoprolol']
461,,Premenstrual Dysphoric Disorde,"['Zoloft', 'Drospirenone / ethinyl estradiol / levomefolate calcium', 'Fluoxetine', 'Yaz', 'Prozac', 'Drospirenone / ethinyl estradiol', 'Citalopram', 'Sertraline', 'Yasmin', 'Paroxetine', 'Gianvi', 'Sarafem', 'Escitalopram', 'Celexa', 'Beyaz', 'Bupropion']"
462,Premenstrual syndrome,Premenstrual Syndrome,"['Ethinyl estradiol / levonorgestrel', 'Premsyn PMS', 'Pamabrom', 'LoSeasonique']"
463,Urinary tract infection,Prevention of Bladder infection,"['Macrodantin', 'Methenamine', 'Nitrofurantoin', 'Bactrim', 'Macrobid']"
464,Cardiovascular disease,Prevention of Cardiovascular Disease,"['Atorvastatin', 'Crestor']"
465,Tooth decay,Prevention of Dental Caries,['Fluoride']
466,Gitelman syndrome,Prevention of Hypokalemia,['Klor-Con']
467,Osteoporosis,Prevention of Osteoporosis,"['Zoledronic acid', 'Reclast']"
468,Atrial fibrillation,Prevention of Thromboembolism in Atrial Fibrillation,"['Pradaxa', 'Eliquis', 'Rivaroxaban', 'Dabigatran', 'Apixaban', 'Warfarin', 'Coumadin']"
469,Primary aldosteronism,Primary Hyperaldosteronism,['Spironolactone']
470,Primary immunodeficiency,Primary Immunodeficiency Syndrome,"['Immune globulin intravenous and subcutaneous', 'Hizentra', 'Immune globulin subcutaneous', 'Gamunex-C', 'Immune globulin intravenous']"
471,Enuresis,Primary Nocturnal Enuresis,"['Desmopressin', 'DDAVP']"
472,Primary ovarian insufficiency,Primary Ovarian Failure,"['Estradiol', 'Vivelle-Dot', 'Premarin']"
473,Primary ovarian insufficiency,Progesterone Insufficiency,['Progesterone']
474,,Prostate Cance,"['Leuprolide', 'Eligard', 'Radium 223 dichloride', 'Zytiga', 'Casodex', 'Abiraterone', 'Provenge', 'Bicalutamide', 'Lupron', 'Degarelix', 'Lupron Depot', 'Triptorelin', 'Zoladex']"
475,Acute prostatitis,Prostatitis,"['Ciprofloxacin', 'Sulfamethoxazole / trimethoprim', 'Levofloxacin', 'Cipro', 'Doxycycline', 'Bactrim DS', 'Levaquin', 'Oxybutynin']"
476,Itch,Pruritus,"['Pramoxine', 'Atarax', 'Crotamiton', 'Hydroxyzine', 'Benzocaine', 'Gabapentin', 'Hydrocortisone', 'Cortizone-10', 'Calamine']"
477,Pseudobulbar affect,Pseudobulbar Affect,"['Dextromethorphan / quinidine', 'Nuedexta']"
478,Idiopathic intracranial hypertension,Pseudotumor Cerebri,"['Acetazolamide', 'Diamox Sequels', 'Diamox']"
479,Psoriasis,Psoriasis,"['Elocon', 'Methotrexate', 'Ustekinumab', 'Ammonium lactate / halobetasol', 'Halobetasol', 'Clobetasol', 'Stelara', 'Humira', 'Enbrel', 'Adalimumab', 'Dovonex', 'Lidex', 'Taclonex', 'Fluocinonide', 'Betamethasone / calcipotriene', 'Vectical', 'Calcipotriene', 'Calcitriol', 'Clobex', 'Pramosone', 'Temovate', 'Desonide', 'Flurandrenolide', 'Etanercept', 'Hydrocortisone / pramoxine', 'Psoriasin', 'Triamcinolone', 'Taclonex Scalp', 'MG217 Medicated Tar', 'Cyclosporine', 'Mometasone', 'Topicort', 'Olux', 'Acitretin', 'Kenalog']"
480,Psoriatic arthritis,Psoriatic Arthritis,"['Humira', 'Enbrel', 'Apremilast', 'Adalimumab', 'Ustekinumab', 'Sulfasalazine', 'Infliximab', 'Simponi', 'Otezla', 'Etanercept', 'Methotrexate', 'Cimzia', 'Remicade', 'Golimumab', 'Leflunomide', 'Stelara']"
481,Psychosis,Psychosis,"['Haldol', 'Thiothixene', 'Prolixin', 'Trilafon', 'Chlorpromazine', 'Perphenazine', 'Haloperidol', 'Fluphenazine', 'Iloperidone', 'Prochlorperazine']"
482,Nerve compression syndrome,Pudendal Neuralgia,['Amitriptyline']
483,Pulmonary edema,Pulmonary Edema,['Furosemide']
484,Pulmonary embolism,Pulmonary Embolism,"['Xarelto', 'Apixaban', 'Rivaroxaban', 'Eliquis', 'Arixtra']"
485,Pulmonary embolism,"Pulmonary Embolism, First Event",['Warfarin']
486,Pulmonary hypertension,Pulmonary Hypertension,"['Uptravi', 'Treprostinil', 'Opsumit', 'Epoprostenol', 'Letairis', 'Macitentan', 'Adcirca', 'Flolan', 'Sildenafil', 'Ambrisentan', 'Tadalafil', 'Revatio', 'Selexipag', 'Tyvaso']"
487,,Rat-bite Feve,['Penicillin v potassium']
488,Raynaud syndrome,Raynaud's Syndrome,"['Nitroglycerin', 'Nifedipine', 'DynaCirc CR', 'Felodipine', 'Trolamine salicylate']"
489,Complex regional pain syndrome,Reflex Sympathetic Dystrophy Syndrome,"['Lyrica', 'Trazodone', 'Amitriptyline', 'Pregabalin', 'Gabapentin', 'Neurontin', 'Savella']"
490,Renal cell carcinoma,Renal Cell Carcinoma,"['Sutent', 'Aldesleukin', 'Nivolumab', 'Pazopanib', 'Sunitinib', 'Votrient', 'Nexavar', 'Provera']"
491,Proximal renal tubular acidosis,Renal Tubular Acidosis,['Potassium citrate']
492,Restless legs syndrome,Restless Legs Syndrome,"['Ropinirole', 'Sinemet', 'Clonazepam', 'Carbidopa / levodopa', 'Horizant', 'Pramipexole', 'Tramadol', 'Mirapex', 'Gabapentin', 'Pregabalin', 'Requip', 'Klonopin', 'Ultram', 'Gabapentin enacarbil', 'Neupro', 'Rotigotine', 'Neurontin', 'Lyrica']"
493,,Reversal of Opioid Sedation,"['Naloxone', 'Evzio']"
494,Rheumatoid arthritis,Rheumatoid Arthritis,"['Tofacitinib', 'Prednisone', 'Humira', 'Etanercept', 'Hydroxychloroquine', 'Methotrexate', 'Adalimumab', 'Simponi Aria', 'Actemra', 'Simponi', 'Remicade', 'Gold sodium thiomalate', 'Meloxicam', 'Enbrel', 'Vicodin', 'Motrin', 'Orencia', 'Diclofenac', 'Golimumab', 'Acetaminophen / hydrocodone', 'Xeljanz', 'Naprosyn', 'Plaquenil', 'Methylprednisolone', 'Kenalog-40', 'Voltaren', 'Naproxen', 'Abatacept', 'Rituximab', 'Celebrex', 'Leflunomide', 'Diclofenac / misoprostol', 'Tramadol', 'Fenoprofen', 'Relafen', 'Esomeprazole / naproxen', 'Cimzia', 'Celecoxib', 'Sulfazine', 'Arthrotec', 'Tolectin DS', 'Vimovo', 'Indomethacin', 'Triamcinolone', 'Rituxan', 'Mycophenolate mofetil', 'Infliximab', 'Arava', 'Sulfasalazine', 'Dolobid', 'Duexis', 'Aristospan', 'Daypro', 'Piroxicam', 'Mobic', 'Tocilizumab', 'Advil Liqui-Gels', 'Feldene', 'Sulindac', 'Lortab']"
495,Allergic rhinitis,Rhinitis,"['Flonase', 'Veramyst', 'Allerx Dose Pack DF', 'Fluticasone', 'Allergy DN PE']"
496,Rhinorrhea,Rhinorrhea,"['Ipratropium', 'Atrovent Nasal']"
497,Rosacea,Rosacea,"['Ivermectin', 'Metronidazole', 'Rosula', 'Minocycline', 'MetroCream', 'Soolantra', 'Finacea', 'Azelaic acid', 'Doxycycline', 'Oracea', 'Sulfacetamide sodium / sulfur', 'Brimonidine', 'MetroGel', 'Noritate', 'Prascion RA', 'Doryx', 'Isotretinoin', 'Azelex', 'Mirvaso', 'Oxymetazoline', 'Rosac', 'Rozex']"
498,Gastroenteritis,Salmonella Gastroenteritis,['Ciprofloxacin']
499,Sarcoidosis,Sarcoidosis,"['Prednisone', 'Corticotropin', 'Kenalog-40']"
500,Scabies,Scabies,['Permethrin']
501,Subacute combined degeneration of spinal cord,Schilling Test,['Vitamin B12']
502,,Schizoaffective Disorde,"['Seroquel', 'Abilify', 'Risperdal', 'Carbamazepine', 'Asenapine', 'Paliperidone', 'Ziprasidone', 'Geodon', 'Lamotrigine', 'Latuda', 'Lamictal', 'Lurasidone', 'Quetiapine', 'Olanzapine', 'Aripiprazole', 'Invega', 'Risperidone', 'Saphris', 'Fluoxetine', 'Lithium', 'Invega Sustenna', 'Valproic acid', 'Lithobid', 'Seroquel XR', 'Zyprexa']"
503,Schizophrenia,Schizophrenia,"['Lurasidone', 'Ziprasidone', 'Paliperidone', 'Olanzapine', 'Vraylar', 'Clozapine', 'Invega', 'Seroquel', 'Brexpiprazole', 'Risperdal', 'Aripiprazole', 'Geodon', 'Abilify Maintena', 'Cariprazine', 'Saphris', 'Risperidone', 'Latuda', 'Trifluoperazine', 'Fanapt', 'Abilify', 'Quetiapine', 'Thioridazine', 'Thorazine', 'Invega Trinza', 'Clozaril', 'Invega Sustenna', 'Iloperidone', 'Seroquel XR', 'Asenapine', 'Risperdal Consta', 'Zyprexa']"
504,Schnitzler syndrome,Schnitzler Syndrome,"['Kineret', 'Anakinra']"
505,Sciatica,Sciatica,"['Flexeril', 'Naproxen', 'Aleve', 'Diclofenac', 'Arthrotec', 'Indomethacin', 'Indocin', 'Cyclobenzaprine', 'Advil', 'Ibuprofen', 'Voltaren-XR', 'Nabumetone', 'Cataflam', 'Voltaren', 'Diclofenac / misoprostol', 'Amrix', 'Relafen']"
506,,Seasonal Affective Disorde,['Bupropion']
507,Allergic conjunctivitis,Seasonal Allergic Conjunctivitis,"['Olopatadine', 'Patanol', 'Ketorolac']"
508,Seborrhoeic dermatitis,Seborrheic Dermatitis,"['Xolegel', 'Rosula', 'Derma-Smoothe / FS (Scalp)', 'Loprox', 'Ketoconazole', 'Ciclopirox', 'Pyrithione zinc']"
509,Secondary hyperparathyroidism,Secondary Hyperparathyroidism,['Cinacalcet']
510,,Sedation,"['Hydroxyzine', 'Ativan', 'Trazodone', 'Lorazepam', 'Vistaril', 'Promethazine', 'Fentanyl', 'Phenergan']"
511,Seizure,Seizure Prevention,"['Topiramate', 'Klonopin', 'Clonazepam', 'Lamictal', 'Lamotrigine', 'Topamax', 'Valium', 'Diazepam']"
512,Seizure,Seizures,"['Levetiracetam', 'Phenobarbital', 'Luminal', 'Vimpat', 'Keppra', 'Lacosamide', 'Trileptal', 'Zonisamide', 'Briviact', 'Oxcarbazepine', 'Mysoline', 'Diazepam', 'Progesterone', 'Topiramate', 'Dilantin', 'Primidone', 'Zonegran', 'Aptiom', 'Eslicarbazepine', 'Phenytoin', 'Perampanel', 'Zarontin', 'Fycompa', 'Tiagabine']"
513,Erectile dysfunction,"Sexual Dysfunction, SSRI Induced","['Sildenafil', 'Yohimbine', 'Viagra', 'Bupropion', 'Buspirone', 'Dexedrine']"
514,,Shift Work Sleep Disorde,"['Armodafinil', 'Nuvigil', 'Provigil', 'Modafinil']"
515,Silent sinus syndrome,Sinus Symptoms,"['Advil Cold and Sinus', 'Sine-Off Maximum Strength', 'Advil Cold and Sinus Liqui-Gels', 'VisRx Dose Pack', 'Dexbrompheniramine / pseudoephedrine', 'Ibuprofen / pseudoephedrine', 'Drixoral Cold and Allergy', 'Guaifenesin / phenylephrine', 'Acetaminophen / dexbrompheniramine / pseudoephedrine', 'Ornex', 'Mometasone', 'Chlorpheniramine / methscopolamine / pseudoephedrine']"
516,Sinusitis,Sinusitis,"['Cefuroxime', 'Levofloxacin', 'Cefdinir', 'Azithromycin', 'Clarithromycin', 'Avelox', 'Prednisone', 'Azithromycin Dose Pack', 'Amoxicillin / clavulanate', 'Sulfamethoxazole / trimethoprim', 'Moxifloxacin', 'Zithromax', 'Augmentin', 'Biaxin', 'Levaquin', 'Cipro', 'Cedax', 'Cefprozil', 'Clindamycin', 'Omnicef', 'Amoxicillin', 'Bactrim', 'Augmentin XR', 'Ceftin', 'Cefzil', 'Ceftibuten', 'Ciprofloxacin']"
517,Sj√∂gren syndrome,Sjogren's Syndrome,"['Hydroxychloroquine', 'Plaquenil', 'Evoxac']"
518,Hives,Skin Cance,['Fluorouracil']
519,,"Skin Disinfection, Preoperative","['pHisoHex', 'Hexachlorophene', 'Chlorhexidine']"
520,Dermatomyositis,Skin Rash,['Prednisone']
521,Fungal infection,Skin and Structure Infection,"['Mupirocin', 'Zyvox', 'Linezolid', 'Amoxicillin / clavulanate', 'Bactroban', 'Gentamicin', 'Augmentin', 'Cefepime', 'Minocycline']"
522,Necrotizing fasciitis,Skin or Soft Tissue Infection,"['Clindamycin', 'Levofloxacin', 'Amoxicillin / clavulanate', 'Cephalexin', 'Erythromycin', 'Flagyl', 'Keflex', 'Azithromycin', 'Augmentin', 'Amoxil', 'Doxycycline', 'Azithromycin Dose Pack', 'Ciprofloxacin']"
523,Chronic obstructive pulmonary disease,Smoking Cessation,"['Chantix', 'Nicoderm CQ', 'Bupropion', 'Varenicline', 'Nicotine', 'Zyban', 'Nicotrol Inhaler', 'Nicorette', 'Commit', 'Buproban', 'Nortriptyline', 'Habitrol', 'Nicotrol NS']"
524,,Social Anxiety Disorde,"['Zoloft', 'Strattera', 'Paroxetine', 'Sertraline', 'Venlafaxine', 'Paxil', 'Paxil CR', 'Risperdal', 'Fluvoxamine', 'Atomoxetine']"
525,Soft-tissue sarcoma,Soft Tissue Sarcoma,"['Pazopanib', 'Votrient']"
526,,Somat,['Amitriptyline']
527,Axial spondyloarthritis,Spondyloarthritis,"['Golimumab', 'Adalimumab', 'Infliximab']"
528,Spondylolisthesis,Spondylolisthesis,['Gabapentin']
529,Cutaneous squamous-cell carcinoma,Squamous Cell Carcinoma,['Cetuximab']
530,Status epilepticus,Status Epilepticus,['Lorazepam']
531,Ulcerative colitis,Steroid Responsive Inflammatory Conditions,['Fluorometholone']
532,Adult-onset Still's disease,Still's Disease,['Kineret']
533,,Stomach Cance,['Xeloda']
534,,Stomach Ulce,"['Protonix IV', 'Sucralfate', 'Omeprazole', 'Lansoprazole', 'Aciphex', 'Tums Regular Strength', 'Protonix', 'Prevacid', 'Pantoprazole', 'Zegerid']"
535,Strabismus,Strabismus,['Botox']
536,Streptococcal pharyngitis,Strep Throat,"['Amoxicillin / clavulanate', 'Penicillin v potassium', 'Clarithromycin', 'Biaxin', 'Erythromycin', 'Gemifloxacin', 'Penicillin VK', 'Augmentin', 'Cefdinir', 'Erythrocin', 'Factive']"
537,Streptococcal pharyngitis,Streptococcal Infection,"['Penicillin v potassium', 'Levofloxacin']"
538,Strongyloidiasis,Strongyloidiasis,['Ivermectin']
539,Subarachnoid hemorrhage,Subarachnoid Hemorrhage,['Nimotop']
540,,Submental Fullness,['Deoxycholic acid']
541,Sunburn,Sunburn,['Solarcaine Burn Relief']
542,Supraventricular tachycardia,Supraventricular Tachycardia,"['Diltiazem', 'Cardizem CD', 'Tenormin', 'Metoprolol', 'Adenosine', 'Bisoprolol', 'Atenolol']"
543,Madelung's deformity,Surgical Prophylaxis,"['Clindamycin', 'Cefuroxime', 'Metronidazole']"
544,Swine influenza,Swine Flu,"['Oseltamivir', 'Tamiflu']"
545,Syringomyelia,Syringomyelia,['Tramadol']
546,Lupus,Systemic Lupus Erythematosus,"['CellCept', 'Hydroxychloroquine', 'Plaquenil', 'Benlysta', 'Belimumab', 'Imuran', 'Azathioprine', 'Prednisone']"
547,Mastocytosis,Systemic Mastocytosis,"['Cromolyn', 'Rydapt']"
548,Systemic scleroderma,Systemic Sclerosis,['Methotrexate']
549,Anaplastic thyroid cancer,TSH Suppression,"['Levothyroxine', 'NP Thyroid', 'Armour Thyroid', 'Thyroid desiccated']"
550,,Temporomandibular Joint Disorde,"['Diazepam', 'Piroxicam', 'Clonazepam', 'Cyclobenzaprine']"
551,Tendinopathy,Tendonitis,"['Meloxicam', 'Indocin SR', 'Naprosyn', 'Trolamine salicylate', 'Naproxen', 'Anaprox', 'Indomethacin', 'Mobic']"
552,Thrombocythemia,Thrombocythemia,['Hydroxyurea']
553,Type 1 diabetes,Thyroid Cance,"['Sorafenib', 'Armour Thyroid', 'Nature-Throid', 'Thyroid desiccated']"
554,Hyperthyroidism,Thyrotoxicosis,['Inderal']
555,Tinea corporis,Tinea Corporis,"['Zeasorb-AF', 'Oxistat', 'Clotrimazole', 'Econazole', 'Undecylenic acid']"
556,Tinea cruris,Tinea Cruris,"['Undecylenic acid', 'Fulvicin U / F', 'Miconazole', 'Naftifine', 'Lamisil AT', 'Gris-PEG']"
557,Athlete's foot,Tinea Pedis,"['Ertaczo', 'Terbinafine', 'Econazole', 'Miconazole', 'Lamisil', 'Naftin']"
558,,Tinea Versicol,"['Ketoconazole', 'Fluconazole', 'Econazole', 'Selenium sulfide', 'Tolnaftate', 'Selsun Blue']"
559,Tinnitus,Tinnitus,"['Alprazolam', 'Xanax']"
560,Tonsillitis,Tonsillitis/Pharyngitis,"['Omnicef', 'Cefdinir', 'Clarithromycin', 'Azithromycin', 'Amoxicillin', 'Cefzil']"
561,Topical steroid withdrawal,Topical Disinfection,['Silver nitrate']
562,Tourette syndrome,Tourette's Syndrome,"['Abilify', 'Clonidine', 'Guanfacine', 'Pimozide', 'Orap', 'Haldol', 'Quetiapine', 'Zyprexa', 'Aripiprazole']"
563,Transient ischemic attack,Transient Ischemic Attack,['Clopidogrel']
564,Travelers' diarrhea,Traveler's Diarrhea,"['Rifaximin', 'Loperamide']"
565,Trichomoniasis,Trichomoniasis,"['Metronidazole', 'Tindamax']"
566,Trichotillomania,Trichotillomania,['Paxil']
567,Trigeminal neuralgia,Trigeminal Neuralgia,"['Carbamazepine', 'Tegretol', 'Oxcarbazepine', 'Baclofen', 'Tegretol XR', 'Topiramate', 'Carbatrol', 'Topamax', 'Gabapentin', 'Neurontin', 'Trileptal']"
568,Tuberculosis,"Tuberculosis, Latent","['Isoniazid', 'Rifampin']"
569,Pierre Robin sequence,Tympanostomy Tube Placement Surgery,['Ciprofloxacin']
570,Ulcerative colitis,Ulcerative Colitis,"['Mesalamine', 'Infliximab', 'Asacol', 'Colazal', 'CellCept', 'Uceris', 'Prednisone', 'Mycophenolate mofetil', 'Sulfasalazine', 'Imuran', 'Budesonide', 'Vedolizumab', 'Simponi', 'Humira', 'Azathioprine', 'Adalimumab', 'Dexamethasone', 'Remicade', 'Balsalazide', 'Lialda', 'Sulfazine', 'Rowasa', 'Salofalk']"
571,Ulcerative colitis,"Ulcerative Colitis, Active","['Mesalamine', 'Lialda', 'Balsalazide', 'Asacol HD', 'Cyclosporine', 'Budesonide', 'Asacol']"
572,Ulcerative colitis,"Ulcerative Colitis, Maintenance","['Asacol', 'Asacol HD', 'Apriso', 'Mercaptopurine', 'Mesalamine']"
573,Proctitis,Ulcerative Proctitis,"['Pentasa', 'Canasa', 'Mesalamine']"
574,Hypothyroidism,Underactive Thyroid,"['Levothyroxine', 'Liothyronine', 'Thyroid desiccated', 'NP Thyroid', 'Armour Thyroid', 'Synthroid', 'Levoxyl', 'WP Thyroid', 'Tirosint']"
575,Undifferentiated connective tissue disease,Undifferentiated Connective Tissue Disease,['Hydroxychloroquine']
576,Hereditary spastic paraplegia,Upper Limb Spasticity,['OnabotulinumtoxinA']
577,Upper respiratory tract infection,Upper Respiratory Tract Infection,"['Doryx', 'Azithromycin Dose Pack', 'Amoxicillin / clavulanate', 'Augmentin', 'Clarithromycin', 'Amoxicillin', 'Doxycycline', 'Azithromycin', 'Erythromycin', 'Zithromax', 'Cephalexin', 'Cefuroxime', 'Ceftin', 'Cefpodoxime', 'Sulfamethoxazole / trimethoprim', 'Keflex', 'E.E.S.-400']"
578,Overactive bladder,Urinary Incontinence,"['VESIcare', 'Oxybutynin', 'Trospium', 'Duloxetine', 'Mirabegron', 'Sanctura XR', 'Sanctura', 'Oxytrol', 'OnabotulinumtoxinA', 'Solifenacin', 'Hyoscyamine', 'Darifenacin', 'Enablex', 'Myrbetriq', 'Toviaz', 'Fesoterodine']"
579,Urinary retention,Urinary Retention,['Bethanechol']
580,Urinary tract infection,Urinary Tract Infection,"['Bactrim', 'Ciprofloxacin', 'Macrobid', 'Cipro', 'Sulfamethoxazole / trimethoprim', 'Hiprex', 'Cefuroxime', 'Bactrim DS', 'Nitrofurantoin', 'Rocephin', 'Ceftin', 'Levaquin', 'Amoxicillin', 'Trimethoprim', 'Uribel', 'Ceftriaxone', 'Lactobacillus acidophilus', 'Levofloxacin', 'Macrodantin', 'Hyoscyamine / methenamine / methylene blue / phenyl salicylate / sodium biphosphate', 'Doripenem', 'Doxycycline', 'Doribax', 'Cefixime', 'Unasyn', 'SMZ-TMP DS', 'Amoxicillin / clavulanate', 'Methenamine', 'Septra', 'Vibramycin', 'Hyoscyamine / methenamine / methylene blue / phenyl salicylate']"
581,Kidney stone disease,Urinary Tract Stones,"['Tamsulosin', 'Flomax', 'Allopurinol']"
582,Hives,Urticaria,"['Xyzal', 'Cetirizine', 'Benadryl Allergy', 'Zyrtec', 'Loratadine', 'Fexofenadine', 'Levocetirizine', 'Omalizumab', 'Doxepin', 'Clarinex', 'Xolair', 'Allegra', 'Cyproheptadine', 'Diphenhydramine']"
583,Abnormal uterine bleeding,Uterine Bleeding,['Progesterone']
584,Uterine fibroid,Uterine Fibroids,"['Lupron Depot', 'Leuprolide']"
585,Uveitis,Uveitis,"['Durezol', 'Difluprednate', 'Infliximab', 'Dexamethasone']"
586,Vaginal yeast infection,Vaginal Yeast Infection,"['Miconazole', 'Tioconazole', 'Terconazole', 'Monistat 3-Day Combination Pack', 'Fluconazole', 'Diflucan', 'Monistat 7', 'Monistat 7-Day Combination Pack', 'Sporanox', 'Lactobacillus acidophilus', 'Acidophilus', 'Gynazole-1', 'Ketoconazole', 'Terazol 3', 'Monistat 1-Day or Night Combination Pack', 'Vagistat-1']"
587,,Varicella-Zoste,"['Valtrex', 'Valacyclovir']"
588,Arrhythmia,Ventricular Arrhythmia,['Betapace']
589,Ventricular fibrillation,Ventricular Fibrillation,['Amiodarone']
590,Ventricular tachycardia,Ventricular Tachycardia,"['Inderal', 'Propafenone', 'Ethmozine', 'Tambocor']"
591,,Vertig,"['Meclizine', 'Promethazine', 'Bonine']"
592,Vitamin B12 deficiency,Vitamin B12 Deficiency,"['Vitamin B12', 'Cyanocobalamin']"
593,Vitamin D deficiency,Vitamin D Deficiency,"['Vitamin D2', 'Ergocalciferol']"
594,Vitamin D deficiency,Vitamin/Mineral Supplementation and Deficiency,"['Multivitamin with minerals', 'Multivitamin with iron', 'Chromium picolinate', 'Ferrous sulfate']"
595,Vitamin B6,Vitamin/Mineral Supplementation during Pregnancy/Lactation,"['Prenatal Plus', 'Multivitamin', ' prenatal', 'CitraNatal 90 DHA', 'Prenatabs FA', 'Vitafol Ultra']"
596,Vulvodynia,Vulvodynia,"['Nortriptyline', 'Gabapentin', 'Desipramine', 'Neurontin', 'Amitriptyline', 'Topiramate']"
597,Wart,Warts,"['Duofilm', 'Wart Remover']"
598,Granulomatosis with polyangiitis,Wegener's Granulomatosis,['Rituximab']
599,,Weight Loss,"['Contrave', 'Phentermine', 'Belviq', 'Adipex-P', 'Liraglutide', 'Qsymia', 'Phentermine / topiramate', 'Bupropion / naltrexone', 'Lorcaserin', 'Fastin', 'Saxenda', 'Victoza', 'Megestrol', 'Suprenza', 'Megace ES']"
600,Wolff‚ÄìParkinson‚ÄìWhite syndrome,Wolff-Parkinson-White Syndrome,['Flecainide']
601,Xerostomia,Xerostomia,"['Saliva substitutes', 'Pilocarpine', 'Salagen', 'SalivaMAX']"
602,Viral hemorrhagic fever,Yellow Fever Prophylaxis,['Yellow fever vaccine']
603,Zollinger‚ÄìEllison syndrome,Zollinger-Ellison Syndrome,['Prilosec']
604,,acial Wrinkles,"['OnabotulinumtoxinA', 'AbobotulinumtoxinA', 'Botox Cosmetic']"
605,Haemophilia B,actor IX Deficiency,['Cyklokapron']
606,,amilial Cold Autoinflammatory Syndrome,['Arcalyst']
607,,atigue,"['Amphetamine / dextroamphetamine', 'Modafinil', 'Provigil', 'Dextroamphetamine', 'Methylphenidate']"
608,,cal Segmental Glomerulosclerosis,['Corticotropin']
609,,emale Infertility,"['Clomiphene', 'Clomid', 'Femara', 'Leuprolide', 'Metformin']"
610,,eve,"['Tylenol', 'Ibuprofen', 'Acetaminophen']"
611,,ibrocystic Breast Disease,['Danocrine']
612,,ibromyalgia,"['Gabapentin', 'Lyrica', 'Milnacipran', 'Savella', 'Cyclobenzaprine', 'Amitriptyline', 'Duloxetine', 'Mucinex', 'Pregabalin', 'Venlafaxine', 'Naltrexone', 'Cymbalta', 'Guaifenesin', 'Nuvigil', 'Pristiq', 'Ultram ER', 'Metaxalone', 'Escitalopram', 'Skelaxin', 'Topiramate', 'Trazodone', 'Effexor', 'Armodafinil', 'Ultram', 'Effexor XR', 'Tramadol', 'Lexapro', 'Desyrel', 'Elavil', 'Neurontin', 'Prozac', 'Prednisone', 'Topamax', 'Meloxicam', 'Sodium oxybate', 'Desvenlafaxine', 'Amrix', 'Xyrem', 'Flexeril', 'Sterapred DS']"
613,,lic Acid Deficiency,"['Deplin', 'L-methylfolate']"
614,,llicle Stimulation,"['Menotropins', 'Gonal-f', 'Follicle stimulating hormone', 'Menopur']"
615,,m Pain Disorde,['Amitriptyline']
616,,mance Anxiety,['Propranolol']
617,,me,['Bevacizumab']
618,Von Willebrand disease,von Willebrand's Disease,['Desmopressin']
619,,zen Shoulde,"['Diclofenac', 'Voltaren', 'Aleve', 'Relafen']"
